year,week,district,precipitation
2010,1,BOANE,20.3104343414307
2010,1,MAGUDE,0
2010,1,MANHICA,14.2144174575806
2010,1,MARRACUENE,18.8690223693848
2010,1,MATOLA,14.3909168243408
2010,1,MATUTUINE,23.037257194519
2010,1,MOAMBA,14.6594910621643
2010,1,NAMAACHA,23.425980091095
2010,2,BOANE,5.07760858535767
2010,2,MAGUDE,11.7795534133911
2010,2,MANHICA,0
2010,2,MARRACUENE,0
2010,2,MATOLA,9.59394454956055
2010,2,MATUTUINE,15.3581714630127
2010,2,MOAMBA,0
2010,2,NAMAACHA,0
2010,3,BOANE,3.56049561500549
2010,3,MAGUDE,10.4316511154175
2010,3,MANHICA,4.65424489974976
2010,3,MARRACUENE,5.42467927932739
2010,3,MATOLA,6.4147047996521
2010,3,MATUTUINE,3.93739008903503
2010,3,MOAMBA,7.45976781845093
2010,3,NAMAACHA,7.3239369392395
2010,4,BOANE,26.2076539993286
2010,4,MAGUDE,0
2010,4,MANHICA,8.26646709442139
2010,4,MARRACUENE,11.8849320411682
2010,4,MATOLA,26.1299390792847
2010,4,MATUTUINE,44.170871257782
2010,4,MOAMBA,11.0311698913574
2010,4,NAMAACHA,39.8101177215576
2010,5,BOANE,54.5134153366089
2010,5,MAGUDE,63.4274597167969
2010,5,MANHICA,85.620080947876
2010,5,MARRACUENE,85.8340625762939
2010,5,MATOLA,84.692626953125
2010,5,MATUTUINE,70.6309823989868
2010,5,MOAMBA,84.055305480957
2010,5,NAMAACHA,68.5913238525391
2010,6,BOANE,0
2010,6,MAGUDE,0
2010,6,MANHICA,0
2010,6,MARRACUENE,0
2010,6,MATOLA,0
2010,6,MATUTUINE,40.3082389831543
2010,6,MOAMBA,0
2010,6,NAMAACHA,0
2010,7,BOANE,0
2010,7,MAGUDE,0
2010,7,MANHICA,0
2010,7,MARRACUENE,0
2010,7,MATOLA,0
2010,7,MATUTUINE,0
2010,7,MOAMBA,0
2010,7,NAMAACHA,0
2010,8,BOANE,47.0692577362061
2010,8,MAGUDE,30.1967806816101
2010,8,MANHICA,38.4182586669922
2010,8,MARRACUENE,48.8997344970703
2010,8,MATOLA,52.0201454162598
2010,8,MATUTUINE,28.8401851654053
2010,8,MOAMBA,29.1077470779419
2010,8,NAMAACHA,75.6172180175781
2010,9,BOANE,0
2010,9,MAGUDE,0
2010,9,MANHICA,0
2010,9,MARRACUENE,0
2010,9,MATOLA,0
2010,9,MATUTUINE,0
2010,9,MOAMBA,0
2010,9,NAMAACHA,0
2010,10,BOANE,0
2010,10,MAGUDE,0
2010,10,MANHICA,0
2010,10,MARRACUENE,0
2010,10,MATOLA,0
2010,10,MATUTUINE,0
2010,10,MOAMBA,0
2010,10,NAMAACHA,0
2010,11,BOANE,0
2010,11,MAGUDE,0
2010,11,MANHICA,0
2010,11,MARRACUENE,0
2010,11,MATOLA,0
2010,11,MATUTUINE,0
2010,11,MOAMBA,0
2010,11,NAMAACHA,0
2010,12,BOANE,13.2184591293335
2010,12,MAGUDE,56.3510055541992
2010,12,MANHICA,54.4316787719727
2010,12,MARRACUENE,18.4733104705811
2010,12,MATOLA,23.9697513580322
2010,12,MATUTUINE,16.3440585136414
2010,12,MOAMBA,28.9806671142578
2010,12,NAMAACHA,15.1722693443298
2010,13,BOANE,7.66875171661377
2010,13,MAGUDE,0
2010,13,MANHICA,0
2010,13,MARRACUENE,0
2010,13,MATOLA,0
2010,13,MATUTUINE,0
2010,13,MOAMBA,0
2010,13,NAMAACHA,17.4585037231445
2010,14,BOANE,56.3466558456421
2010,14,MAGUDE,29.2464370727539
2010,14,MANHICA,42.6307516098022
2010,14,MARRACUENE,79.1116409301758
2010,14,MATOLA,83.0194702148438
2010,14,MATUTUINE,88.1762094497681
2010,14,MOAMBA,21.9265937805176
2010,14,NAMAACHA,67.6687984466553
2010,15,BOANE,20.4573063850403
2010,15,MAGUDE,36.9281692504883
2010,15,MANHICA,58.1735563278198
2010,15,MARRACUENE,52.3416547775269
2010,15,MATOLA,26.7560577392578
2010,15,MATUTUINE,34.5759534835815
2010,15,MOAMBA,32.5117654800415
2010,15,NAMAACHA,36.4024600982666
2010,16,BOANE,0
2010,16,MAGUDE,0
2010,16,MANHICA,0
2010,16,MARRACUENE,0
2010,16,MATOLA,0
2010,16,MATUTUINE,0
2010,16,MOAMBA,0
2010,16,NAMAACHA,0
2010,17,BOANE,14.0764617919922
2010,17,MAGUDE,0
2010,17,MANHICA,39.3338356018066
2010,17,MARRACUENE,40.2323608398438
2010,17,MATOLA,43.245548248291
2010,17,MATUTUINE,32.9512615203857
2010,17,MOAMBA,18.8511085510254
2010,17,NAMAACHA,24.3998022079468
2010,18,BOANE,0
2010,18,MAGUDE,0
2010,18,MANHICA,0
2010,18,MARRACUENE,0
2010,18,MATOLA,0
2010,18,MATUTUINE,0
2010,18,MOAMBA,0
2010,18,NAMAACHA,0
2010,19,BOANE,5.51988840103149
2010,19,MAGUDE,0
2010,19,MANHICA,0
2010,19,MARRACUENE,8.69020843505859
2010,19,MATOLA,8.90609931945801
2010,19,MATUTUINE,10.296012878418
2010,19,MOAMBA,5.56788969039917
2010,19,NAMAACHA,10.2503910064697
2010,20,BOANE,0
2010,20,MAGUDE,0
2010,20,MANHICA,0
2010,20,MARRACUENE,0
2010,20,MATOLA,0
2010,20,MATUTUINE,0
2010,20,MOAMBA,0
2010,20,NAMAACHA,0
2010,21,BOANE,2.74004697799683
2010,21,MAGUDE,9.36079502105713
2010,21,MANHICA,13.2013931274414
2010,21,MARRACUENE,0
2010,21,MATOLA,0
2010,21,MATUTUINE,0
2010,21,MOAMBA,0
2010,21,NAMAACHA,0
2010,22,BOANE,0
2010,22,MAGUDE,0
2010,22,MANHICA,0
2010,22,MARRACUENE,0
2010,22,MATOLA,0
2010,22,MATUTUINE,0
2010,22,MOAMBA,0
2010,22,NAMAACHA,0
2010,23,BOANE,0
2010,23,MAGUDE,0
2010,23,MANHICA,4.55091905593872
2010,23,MARRACUENE,0
2010,23,MATOLA,0
2010,23,MATUTUINE,0
2010,23,MOAMBA,0
2010,23,NAMAACHA,0
2010,24,BOANE,3.10912537574768
2010,24,MAGUDE,0
2010,24,MANHICA,3.15448784828186
2010,24,MARRACUENE,8.249272108078
2010,24,MATOLA,3.60576915740967
2010,24,MATUTUINE,3.70922422409058
2010,24,MOAMBA,0
2010,24,NAMAACHA,3.78795289993286
2010,25,BOANE,0
2010,25,MAGUDE,9.13252854347229
2010,25,MANHICA,0
2010,25,MARRACUENE,0
2010,25,MATOLA,0
2010,25,MATUTUINE,0
2010,25,MOAMBA,0
2010,25,NAMAACHA,0
2010,26,BOANE,0
2010,26,MAGUDE,0
2010,26,MANHICA,0
2010,26,MARRACUENE,0
2010,26,MATOLA,0
2010,26,MATUTUINE,0
2010,26,MOAMBA,0
2010,26,NAMAACHA,0
2010,27,BOANE,13.1751832962036
2010,27,MAGUDE,10.1078307628632
2010,27,MANHICA,6.79766845703125
2010,27,MARRACUENE,14.648551940918
2010,27,MATOLA,13.226279258728
2010,27,MATUTUINE,13.634946346283
2010,27,MOAMBA,13.7589380741119
2010,27,NAMAACHA,18.6984131336212
2010,28,BOANE,2.68668293952942
2010,28,MAGUDE,0
2010,28,MANHICA,0
2010,28,MARRACUENE,0
2010,28,MATOLA,3.02819085121155
2010,28,MATUTUINE,2.98891425132751
2010,28,MOAMBA,0
2010,28,NAMAACHA,0
2010,29,BOANE,0
2010,29,MAGUDE,0
2010,29,MANHICA,0
2010,29,MARRACUENE,0
2010,29,MATOLA,0
2010,29,MATUTUINE,0
2010,29,MOAMBA,0
2010,29,NAMAACHA,0
2010,30,BOANE,0
2010,30,MAGUDE,0
2010,30,MANHICA,4.36408376693726
2010,30,MARRACUENE,0
2010,30,MATOLA,0
2010,30,MATUTUINE,0
2010,30,MOAMBA,0
2010,30,NAMAACHA,2.60739946365356
2010,31,BOANE,0
2010,31,MAGUDE,8.517418384552
2010,31,MANHICA,5.87785530090332
2010,31,MARRACUENE,4.0461597442627
2010,31,MATOLA,2.5811870098114
2010,31,MATUTUINE,4.29518222808838
2010,31,MOAMBA,1.26582837104797
2010,31,NAMAACHA,3.20828866958618
2010,32,BOANE,0
2010,32,MAGUDE,0
2010,32,MANHICA,0
2010,32,MARRACUENE,0
2010,32,MATOLA,0
2010,32,MATUTUINE,0
2010,32,MOAMBA,0
2010,32,NAMAACHA,0
2010,33,BOANE,5.04788780212402
2010,33,MAGUDE,0
2010,33,MANHICA,0
2010,33,MARRACUENE,8.49490451812744
2010,33,MATOLA,5.27687931060791
2010,33,MATUTUINE,7.5184280872345
2010,33,MOAMBA,0
2010,33,NAMAACHA,6.66558384895325
2010,34,BOANE,0
2010,34,MAGUDE,0
2010,34,MANHICA,0
2010,34,MARRACUENE,0
2010,34,MATOLA,0
2010,34,MATUTUINE,0
2010,34,MOAMBA,0
2010,34,NAMAACHA,0
2010,35,BOANE,0
2010,35,MAGUDE,0
2010,35,MANHICA,6.81393146514893
2010,35,MARRACUENE,0
2010,35,MATOLA,0
2010,35,MATUTUINE,0
2010,35,MOAMBA,0
2010,35,NAMAACHA,0
2010,36,BOANE,0
2010,36,MAGUDE,3.5168662071228
2010,36,MANHICA,0
2010,36,MARRACUENE,0
2010,36,MATOLA,0
2010,36,MATUTUINE,0
2010,36,MOAMBA,0
2010,36,NAMAACHA,0
2010,37,BOANE,2.91880917549133
2010,37,MAGUDE,0
2010,37,MANHICA,10.8912968635559
2010,37,MARRACUENE,3.6139543056488
2010,37,MATOLA,3.39025926589966
2010,37,MATUTUINE,9.39193201065063
2010,37,MOAMBA,0
2010,37,NAMAACHA,3.80456233024597
2010,38,BOANE,5.04576635360718
2010,38,MAGUDE,0
2010,38,MANHICA,0
2010,38,MARRACUENE,4.8861141204834
2010,38,MATOLA,5.24861097335815
2010,38,MATUTUINE,7.59079360961914
2010,38,MOAMBA,3.74202585220337
2010,38,NAMAACHA,6.4255805015564
2010,39,BOANE,0
2010,39,MAGUDE,0
2010,39,MANHICA,0
2010,39,MARRACUENE,0
2010,39,MATOLA,0
2010,39,MATUTUINE,0
2010,39,MOAMBA,0
2010,39,NAMAACHA,0
2010,40,BOANE,0
2010,40,MAGUDE,4.21048736572266
2010,40,MANHICA,4.65413570404053
2010,40,MARRACUENE,0
2010,40,MATOLA,0
2010,40,MATUTUINE,0
2010,40,MOAMBA,2.59181690216064
2010,40,NAMAACHA,0
2010,41,BOANE,18.8009929656982
2010,41,MAGUDE,9.04253005981445
2010,41,MANHICA,17.1910076141357
2010,41,MARRACUENE,13.3857898712158
2010,41,MATOLA,11.4828500747681
2010,41,MATUTUINE,21.0104775428772
2010,41,MOAMBA,7.9159722328186
2010,41,NAMAACHA,10.1217260360718
2010,42,BOANE,11.3174953460693
2010,42,MAGUDE,0
2010,42,MANHICA,0
2010,42,MARRACUENE,3.83930397033691
2010,42,MATOLA,9.59211540222168
2010,42,MATUTUINE,21.0208692550659
2010,42,MOAMBA,4.87238693237305
2010,42,NAMAACHA,14.1748824119568
2010,43,BOANE,8.5460741519928
2010,43,MAGUDE,3.28884780406952
2010,43,MANHICA,3.85480213165283
2010,43,MARRACUENE,2.74202013015747
2010,43,MATOLA,3.11717677116394
2010,43,MATUTUINE,13.8664574623108
2010,43,MOAMBA,2.1862096786499
2010,43,NAMAACHA,8.60846090316772
2010,44,BOANE,8.17269253730774
2010,44,MAGUDE,3.98092722892761
2010,44,MANHICA,0
2010,44,MARRACUENE,4.01291847229004
2010,44,MATOLA,7.3341965675354
2010,44,MATUTUINE,2.8943190574646
2010,44,MOAMBA,3.32081246376038
2010,44,NAMAACHA,6.64103364944458
2010,45,BOANE,53.7955808639526
2010,45,MAGUDE,43.7957830429077
2010,45,MANHICA,55.1623563766479
2010,45,MARRACUENE,43.3520879745483
2010,45,MATOLA,47.7872858047485
2010,45,MATUTUINE,70.2538118362427
2010,45,MOAMBA,43.5783338546753
2010,45,NAMAACHA,67.0448503494263
2010,46,BOANE,18.7449588775635
2010,46,MAGUDE,15.703489780426
2010,46,MANHICA,21.4344539642334
2010,46,MARRACUENE,21.2530016899109
2010,46,MATOLA,20.2378425598145
2010,46,MATUTUINE,23.4939785003662
2010,46,MOAMBA,16.7572402954102
2010,46,NAMAACHA,23.1677007675171
2010,47,BOANE,14.7330369949341
2010,47,MAGUDE,9.29108142852783
2010,47,MANHICA,10.5991945266724
2010,47,MARRACUENE,19.3364624977112
2010,47,MATOLA,14.2922630310059
2010,47,MATUTUINE,25.3790454864502
2010,47,MOAMBA,18.5105085372925
2010,47,NAMAACHA,23.5183897018433
2010,48,BOANE,19.5377731323242
2010,48,MAGUDE,0
2010,48,MANHICA,0
2010,48,MARRACUENE,14.1741137504578
2010,48,MATOLA,18.6749267578125
2010,48,MATUTUINE,20.0604267120361
2010,48,MOAMBA,7.56705522537231
2010,48,NAMAACHA,21.8573977947235
2010,49,BOANE,45.8491678237915
2010,49,MAGUDE,49.2051343917847
2010,49,MANHICA,66.5396041870117
2010,49,MARRACUENE,68.3341197967529
2010,49,MATOLA,44.1149578094482
2010,49,MATUTUINE,49.0779309272766
2010,49,MOAMBA,63.8138790130615
2010,49,NAMAACHA,59.09983253479
2010,50,BOANE,29.3688993453979
2010,50,MAGUDE,17.1055955886841
2010,50,MANHICA,13.0902681350708
2010,50,MARRACUENE,15.460919380188
2010,50,MATOLA,27.6405115127563
2010,50,MATUTUINE,29.9046192169189
2010,50,MOAMBA,19.9969100952148
2010,50,NAMAACHA,33.7489757537842
2010,51,BOANE,37.8022475242615
2010,51,MAGUDE,76.5271081924438
2010,51,MANHICA,46.2176375389099
2010,51,MARRACUENE,23.191379070282
2010,51,MATOLA,16.7960429191589
2010,51,MATUTUINE,27.4379453659058
2010,51,MOAMBA,20.0953617095947
2010,51,NAMAACHA,42.9823017120361
2010,52,BOANE,25.282753944397
2010,52,MAGUDE,29.253002166748
2010,52,MANHICA,28.8335700035095
2010,52,MARRACUENE,29.1423239707947
2010,52,MATOLA,23.9347491264343
2010,52,MATUTUINE,25.894926071167
2010,52,MOAMBA,38.4435882568359
2010,52,NAMAACHA,37.0009489059448
2010,53,BOANE,25.8609066009521
2010,53,MAGUDE,14.401328086853
2010,53,MANHICA,17.6189870834351
2010,53,MARRACUENE,29.6429996490479
2010,53,MATOLA,23.6178531646729
2010,53,MATUTUINE,26.0254383087158
2010,53,MOAMBA,18.3813285827637
2010,53,NAMAACHA,27.0852756500244
2011,1,BOANE,0
2011,1,MAGUDE,0
2011,1,MANHICA,0
2011,1,MARRACUENE,0
2011,1,MATOLA,0
2011,1,MATUTUINE,0
2011,1,MOAMBA,0
2011,1,NAMAACHA,0
2011,2,BOANE,0
2011,2,MAGUDE,0
2011,2,MANHICA,0
2011,2,MARRACUENE,0
2011,2,MATOLA,0
2011,2,MATUTUINE,0
2011,2,MOAMBA,0
2011,2,NAMAACHA,0
2011,3,BOANE,80.2916564941406
2011,3,MAGUDE,77.956262588501
2011,3,MANHICA,83.0907859802246
2011,3,MARRACUENE,107.930793762207
2011,3,MATOLA,112.315187454224
2011,3,MATUTUINE,118.059211730957
2011,3,MOAMBA,79.4693050384521
2011,3,NAMAACHA,95.575343132019
2011,4,BOANE,28.203031539917
2011,4,MAGUDE,41.0637989044189
2011,4,MANHICA,27.2064242362976
2011,4,MARRACUENE,35.8172187805176
2011,4,MATOLA,44.4042167663574
2011,4,MATUTUINE,32.2574615478516
2011,4,MOAMBA,18.2937297821045
2011,4,NAMAACHA,31.3514919281006
2011,5,BOANE,28.8285293579102
2011,5,MAGUDE,0
2011,5,MANHICA,4.99972677230835
2011,5,MARRACUENE,0
2011,5,MATOLA,11.229531288147
2011,5,MATUTUINE,0
2011,5,MOAMBA,9.33632183074951
2011,5,NAMAACHA,40.0187568664551
2011,6,BOANE,3.32678890228271
2011,6,MAGUDE,7.9967737197876
2011,6,MANHICA,14.2409510612488
2011,6,MARRACUENE,11.6782999038696
2011,6,MATOLA,5.35312223434448
2011,6,MATUTUINE,0
2011,6,MOAMBA,5.39583683013916
2011,6,NAMAACHA,5.9847993850708
2011,7,BOANE,0
2011,7,MAGUDE,0
2011,7,MANHICA,0
2011,7,MARRACUENE,0
2011,7,MATOLA,0
2011,7,MATUTUINE,0
2011,7,MOAMBA,0
2011,7,NAMAACHA,0
2011,8,BOANE,5.71369457244873
2011,8,MAGUDE,17.6225357055664
2011,8,MANHICA,26.7567434310913
2011,8,MARRACUENE,16.6746363639832
2011,8,MATOLA,8.25458431243896
2011,8,MATUTUINE,7.65663361549377
2011,8,MOAMBA,4.23583126068115
2011,8,NAMAACHA,8.28248310089111
2011,9,BOANE,5.37934017181396
2011,9,MAGUDE,9.2810230255127
2011,9,MANHICA,14.6271877288818
2011,9,MARRACUENE,13.0473976135254
2011,9,MATOLA,8.98025894165039
2011,9,MATUTUINE,15.8877239227295
2011,9,MOAMBA,5.8399543762207
2011,9,NAMAACHA,18.0959095954895
2011,10,BOANE,0
2011,10,MAGUDE,0
2011,10,MANHICA,0
2011,10,MARRACUENE,0
2011,10,MATOLA,0
2011,10,MATUTUINE,0
2011,10,MOAMBA,0
2011,10,NAMAACHA,0
2011,11,BOANE,0
2011,11,MAGUDE,0
2011,11,MANHICA,0
2011,11,MARRACUENE,0
2011,11,MATOLA,0
2011,11,MATUTUINE,0
2011,11,MOAMBA,0
2011,11,NAMAACHA,0
2011,12,BOANE,33.1093420982361
2011,12,MAGUDE,22.09938621521
2011,12,MANHICA,41.2795715332031
2011,12,MARRACUENE,43.2603912353516
2011,12,MATOLA,29.8034553527832
2011,12,MATUTUINE,28.3723182678223
2011,12,MOAMBA,32.8502883911133
2011,12,NAMAACHA,56.2883596420288
2011,13,BOANE,26.2570204734802
2011,13,MAGUDE,23.9691638946533
2011,13,MANHICA,0
2011,13,MARRACUENE,14.0564756393433
2011,13,MATOLA,32.8526220321655
2011,13,MATUTUINE,19.8218307495117
2011,13,MOAMBA,11.8960838317871
2011,13,NAMAACHA,43.5166482925415
2011,14,BOANE,0
2011,14,MAGUDE,0
2011,14,MANHICA,0
2011,14,MARRACUENE,0
2011,14,MATOLA,0
2011,14,MATUTUINE,19.8996334075928
2011,14,MOAMBA,0
2011,14,NAMAACHA,15.837363243103
2011,15,BOANE,18.1137351989746
2011,15,MAGUDE,19.9796462059021
2011,15,MANHICA,49.8488903045654
2011,15,MARRACUENE,28.4718227386475
2011,15,MATOLA,25.4800615310669
2011,15,MATUTUINE,22.7129044532776
2011,15,MOAMBA,15.9291944503784
2011,15,NAMAACHA,34.6018409729004
2011,16,BOANE,10.1362342834473
2011,16,MAGUDE,6.40211534500122
2011,16,MANHICA,0
2011,16,MARRACUENE,29.5235385894775
2011,16,MATOLA,19.6341228485107
2011,16,MATUTUINE,26.0898151397705
2011,16,MOAMBA,18.8944878578186
2011,16,NAMAACHA,12.6864051818848
2011,17,BOANE,0
2011,17,MAGUDE,0
2011,17,MANHICA,0
2011,17,MARRACUENE,0
2011,17,MATOLA,0
2011,17,MATUTUINE,0
2011,17,MOAMBA,0
2011,17,NAMAACHA,0
2011,18,BOANE,0
2011,18,MAGUDE,0
2011,18,MANHICA,0
2011,18,MARRACUENE,0
2011,18,MATOLA,0
2011,18,MATUTUINE,0
2011,18,MOAMBA,0
2011,18,NAMAACHA,0
2011,19,BOANE,0
2011,19,MAGUDE,0
2011,19,MANHICA,4.3714771270752
2011,19,MARRACUENE,0
2011,19,MATOLA,0
2011,19,MATUTUINE,0
2011,19,MOAMBA,3.74222373962402
2011,19,NAMAACHA,0
2011,20,BOANE,0
2011,20,MAGUDE,0
2011,20,MANHICA,7.22188234329224
2011,20,MARRACUENE,2.97351264953613
2011,20,MATOLA,0
2011,20,MATUTUINE,0
2011,20,MOAMBA,0
2011,20,NAMAACHA,0
2011,21,BOANE,15.4358882904053
2011,21,MAGUDE,12.6660075187683
2011,21,MANHICA,0
2011,21,MARRACUENE,12.1494460105896
2011,21,MATOLA,17.5674743652344
2011,21,MATUTUINE,19.0513916015625
2011,21,MOAMBA,3.83364486694336
2011,21,NAMAACHA,21.7116661071777
2011,22,BOANE,0
2011,22,MAGUDE,0
2011,22,MANHICA,0
2011,22,MARRACUENE,0
2011,22,MATOLA,0
2011,22,MATUTUINE,0
2011,22,MOAMBA,0
2011,22,NAMAACHA,0
2011,23,BOANE,0
2011,23,MAGUDE,0
2011,23,MANHICA,0
2011,23,MARRACUENE,2.87074995040894
2011,23,MATOLA,2.40245509147644
2011,23,MATUTUINE,0
2011,23,MOAMBA,0
2011,23,NAMAACHA,2.91561245918274
2011,24,BOANE,5.14660596847534
2011,24,MAGUDE,8.52487850189209
2011,24,MANHICA,16.084944486618
2011,24,MARRACUENE,7.32519626617432
2011,24,MATOLA,5.39560794830322
2011,24,MATUTUINE,6.68900871276855
2011,24,MOAMBA,5.42284393310547
2011,24,NAMAACHA,6.89376306533813
2011,25,BOANE,0
2011,25,MAGUDE,0
2011,25,MANHICA,0
2011,25,MARRACUENE,0
2011,25,MATOLA,0
2011,25,MATUTUINE,0
2011,25,MOAMBA,0
2011,25,NAMAACHA,0
2011,26,BOANE,2.08807063102722
2011,26,MAGUDE,2.73900318145752
2011,26,MANHICA,0.534641921520233
2011,26,MARRACUENE,0
2011,26,MATOLA,0
2011,26,MATUTUINE,2.4690113067627
2011,26,MOAMBA,0
2011,26,NAMAACHA,0
2011,27,BOANE,0
2011,27,MAGUDE,2.86993217468262
2011,27,MANHICA,0
2011,27,MARRACUENE,2.94244480133057
2011,27,MATOLA,0
2011,27,MATUTUINE,0
2011,27,MOAMBA,2.36049604415894
2011,27,NAMAACHA,0
2011,28,BOANE,0
2011,28,MAGUDE,0
2011,28,MANHICA,0
2011,28,MARRACUENE,0
2011,28,MATOLA,0
2011,28,MATUTUINE,0
2011,28,MOAMBA,0
2011,28,NAMAACHA,0
2011,29,BOANE,16.1251201629639
2011,29,MAGUDE,5.51772308349609
2011,29,MANHICA,22.2389650344849
2011,29,MARRACUENE,12.1078844070435
2011,29,MATOLA,21.6438293457031
2011,29,MATUTUINE,16.3368234634399
2011,29,MOAMBA,1.53732621669769
2011,29,NAMAACHA,4.20904004573822
2011,30,BOANE,0
2011,30,MAGUDE,0
2011,30,MANHICA,0
2011,30,MARRACUENE,0
2011,30,MATOLA,0
2011,30,MATUTUINE,0
2011,30,MOAMBA,0
2011,30,NAMAACHA,0
2011,31,BOANE,0
2011,31,MAGUDE,5.11301279067993
2011,31,MANHICA,0
2011,31,MARRACUENE,5.37878656387329
2011,31,MATOLA,0
2011,31,MATUTUINE,8.53921699523926
2011,31,MOAMBA,4.32706451416016
2011,31,NAMAACHA,10.971001625061
2011,32,BOANE,0
2011,32,MAGUDE,4.71104383468628
2011,32,MANHICA,0
2011,32,MARRACUENE,0
2011,32,MATOLA,0
2011,32,MATUTUINE,0
2011,32,MOAMBA,0
2011,32,NAMAACHA,0
2011,33,BOANE,0
2011,33,MAGUDE,0
2011,33,MANHICA,0
2011,33,MARRACUENE,0
2011,33,MATOLA,0
2011,33,MATUTUINE,0
2011,33,MOAMBA,0
2011,33,NAMAACHA,0
2011,34,BOANE,19.5105590820312
2011,34,MAGUDE,5.19379234313965
2011,34,MANHICA,13.077540397644
2011,34,MARRACUENE,13.1551461219788
2011,34,MATOLA,18.9827508926392
2011,34,MATUTUINE,27.8450899124146
2011,34,MOAMBA,9.08150291442871
2011,34,NAMAACHA,24.4019083976746
2011,35,BOANE,0
2011,35,MAGUDE,1.51872932910919
2011,35,MANHICA,0
2011,35,MARRACUENE,5.48512601852417
2011,35,MATOLA,0
2011,35,MATUTUINE,0
2011,35,MOAMBA,0
2011,35,NAMAACHA,0
2011,36,BOANE,0
2011,36,MAGUDE,0
2011,36,MANHICA,0
2011,36,MARRACUENE,0
2011,36,MATOLA,0
2011,36,MATUTUINE,0
2011,36,MOAMBA,0
2011,36,NAMAACHA,0
2011,37,BOANE,0
2011,37,MAGUDE,0
2011,37,MANHICA,0
2011,37,MARRACUENE,0
2011,37,MATOLA,0
2011,37,MATUTUINE,0
2011,37,MOAMBA,0
2011,37,NAMAACHA,0
2011,38,BOANE,0
2011,38,MAGUDE,10.3029079437256
2011,38,MANHICA,16.7833003997803
2011,38,MARRACUENE,9.53744029998779
2011,38,MATOLA,8.52700519561768
2011,38,MATUTUINE,6.24328851699829
2011,38,MOAMBA,8.13180923461914
2011,38,NAMAACHA,7.51632785797119
2011,39,BOANE,0
2011,39,MAGUDE,3.970623254776
2011,39,MANHICA,14.8949997425079
2011,39,MARRACUENE,9.20052766799927
2011,39,MATOLA,9.94520473480225
2011,39,MATUTUINE,14.8352885246277
2011,39,MOAMBA,7.1408429145813
2011,39,NAMAACHA,10.0655670166016
2011,40,BOANE,15.5812702178955
2011,40,MAGUDE,3.2359790802002
2011,40,MANHICA,4.42802238464355
2011,40,MARRACUENE,0
2011,40,MATOLA,0
2011,40,MATUTUINE,9.86113715171814
2011,40,MOAMBA,2.13027787208557
2011,40,NAMAACHA,5.79317426681519
2011,41,BOANE,10.7403993606567
2011,41,MAGUDE,10.7878389358521
2011,41,MANHICA,12.9546155929565
2011,41,MARRACUENE,3.82694792747498
2011,41,MATOLA,8.41688632965088
2011,41,MATUTUINE,10.1911675930023
2011,41,MOAMBA,4.26055574417114
2011,41,NAMAACHA,10.4440202713013
2011,42,BOANE,0
2011,42,MAGUDE,3.97712850570679
2011,42,MANHICA,5.61798143386841
2011,42,MARRACUENE,4.34267711639404
2011,42,MATOLA,0
2011,42,MATUTUINE,4.74110984802246
2011,42,MOAMBA,2.66223883628845
2011,42,NAMAACHA,3.04057574272156
2011,43,BOANE,4.87917423248291
2011,43,MAGUDE,7.78598618507385
2011,43,MANHICA,13.9369301795959
2011,43,MARRACUENE,7.31438934803009
2011,43,MATOLA,5.22664612531662
2011,43,MATUTUINE,4.33077728748322
2011,43,MOAMBA,5.31304043531418
2011,43,NAMAACHA,4.50539350509644
2011,44,BOANE,11.7858130931854
2011,44,MAGUDE,15.9739413261414
2011,44,MANHICA,18.091956615448
2011,44,MARRACUENE,16.1533255577087
2011,44,MATOLA,12.352043390274
2011,44,MATUTUINE,13.2695164680481
2011,44,MOAMBA,12.6665340662003
2011,44,NAMAACHA,12.8081588745117
2011,45,BOANE,3.92860436439514
2011,45,MAGUDE,9.05751085281372
2011,45,MANHICA,9.31130170822144
2011,45,MARRACUENE,7.42703652381897
2011,45,MATOLA,6.07915878295898
2011,45,MATUTUINE,7.96170973777771
2011,45,MOAMBA,5.48419964313507
2011,45,NAMAACHA,4.26938629150391
2011,46,BOANE,0
2011,46,MAGUDE,0
2011,46,MANHICA,0
2011,46,MARRACUENE,0
2011,46,MATOLA,0
2011,46,MATUTUINE,0
2011,46,MOAMBA,0
2011,46,NAMAACHA,0
2011,47,BOANE,26.7329506874084
2011,47,MAGUDE,22.8317499160767
2011,47,MANHICA,20.1993126869202
2011,47,MARRACUENE,21.5388231277466
2011,47,MATOLA,20.3696632385254
2011,47,MATUTUINE,26.4005110263824
2011,47,MOAMBA,24.3720088005066
2011,47,NAMAACHA,29.9104888439178
2011,48,BOANE,9.45796775817871
2011,48,MAGUDE,12.8903169631958
2011,48,MANHICA,12.1309823989868
2011,48,MARRACUENE,14.546000957489
2011,48,MATOLA,8.10780119895935
2011,48,MATUTUINE,17.6731476783752
2011,48,MOAMBA,3.74899959564209
2011,48,NAMAACHA,12.7072019577026
2011,49,BOANE,0
2011,49,MAGUDE,0
2011,49,MANHICA,0
2011,49,MARRACUENE,0
2011,49,MATOLA,0
2011,49,MATUTUINE,0
2011,49,MOAMBA,0
2011,49,NAMAACHA,1.19582688808441
2011,50,BOANE,6.89008760452271
2011,50,MAGUDE,0
2011,50,MANHICA,0
2011,50,MARRACUENE,5.5758318901062
2011,50,MATOLA,6.08321380615234
2011,50,MATUTUINE,4.4081711769104
2011,50,MOAMBA,0
2011,50,NAMAACHA,9.24127006530762
2011,51,BOANE,23.9568042755127
2011,51,MAGUDE,57.3302917480469
2011,51,MANHICA,51.904260635376
2011,51,MARRACUENE,43.9890518188477
2011,51,MATOLA,23.9355568885803
2011,51,MATUTUINE,28.0222759246826
2011,51,MOAMBA,39.7861094474792
2011,51,NAMAACHA,29.7126922607422
2011,52,BOANE,26.106164932251
2011,52,MAGUDE,18.7748413085938
2011,52,MANHICA,15.855978012085
2011,52,MARRACUENE,26.2059860229492
2011,52,MATOLA,23.9558200836182
2011,52,MATUTUINE,18.3835144042969
2011,52,MOAMBA,33.8346552848816
2011,52,NAMAACHA,35.5422134399414
2011,53,BOANE,12.5699586868286
2011,53,MAGUDE,14.5183153152466
2011,53,MANHICA,15.9889450073242
2011,53,MARRACUENE,14.8516693115234
2011,53,MATOLA,13.2044801712036
2011,53,MATUTUINE,0
2011,53,MOAMBA,14.930947303772
2011,53,NAMAACHA,16.3727588653564
2012,2,BOANE,9.39047241210938
2012,2,MAGUDE,4.08040618896484
2012,2,MANHICA,5.75681495666504
2012,2,MARRACUENE,7.65381097793579
2012,2,MATOLA,7.6887788772583
2012,2,MATUTUINE,10.8915076255798
2012,2,MOAMBA,7.28264093399048
2012,2,NAMAACHA,13.4774858951569
2012,3,BOANE,11.0668916702271
2012,3,MAGUDE,0
2012,3,MANHICA,0
2012,3,MARRACUENE,5.46300888061523
2012,3,MATOLA,10.1822242736816
2012,3,MATUTUINE,15.4094944000244
2012,3,MOAMBA,6.56761693954468
2012,3,NAMAACHA,10.7871904373169
2012,4,BOANE,90.5247650146484
2012,4,MAGUDE,60.8408432006836
2012,4,MANHICA,76.8035945892334
2012,4,MARRACUENE,89.4041366577148
2012,4,MATOLA,105.03625202179
2012,4,MATUTUINE,84.7695541381836
2012,4,MOAMBA,77.1223411560059
2012,4,NAMAACHA,117.421752929688
2012,5,BOANE,0
2012,5,MAGUDE,0
2012,5,MANHICA,0
2012,5,MARRACUENE,0
2012,5,MATOLA,0
2012,5,MATUTUINE,0
2012,5,MOAMBA,0
2012,5,NAMAACHA,0
2012,6,BOANE,0
2012,6,MAGUDE,0
2012,6,MANHICA,0
2012,6,MARRACUENE,0
2012,6,MATOLA,0
2012,6,MATUTUINE,0
2012,6,MOAMBA,0
2012,6,NAMAACHA,0
2012,7,BOANE,23.8938064575195
2012,7,MAGUDE,17.8592758178711
2012,7,MANHICA,15.351863861084
2012,7,MARRACUENE,19.4239692687988
2012,7,MATOLA,28.8659477233887
2012,7,MATUTUINE,41.2165355682373
2012,7,MOAMBA,9.03143310546875
2012,7,NAMAACHA,46.468243598938
2012,8,BOANE,8.07728672027588
2012,8,MAGUDE,10.5741672515869
2012,8,MANHICA,23.5955200195312
2012,8,MARRACUENE,19.4239692687988
2012,8,MATOLA,12.3177547454834
2012,8,MATUTUINE,31.0975151062012
2012,8,MOAMBA,13.5471506118774
2012,8,NAMAACHA,14.1737957000732
2012,9,BOANE,17.5628623962402
2012,9,MAGUDE,24.3825960159302
2012,9,MANHICA,40.8193588256836
2012,9,MARRACUENE,38.7044334411621
2012,9,MATOLA,30.8806762695312
2012,9,MATUTUINE,19.5946598052979
2012,9,MOAMBA,29.1910772323608
2012,9,NAMAACHA,35.9237623214722
2012,10,BOANE,21.2782974243164
2012,10,MAGUDE,0
2012,10,MANHICA,10.772575378418
2012,10,MARRACUENE,22.4420871734619
2012,10,MATOLA,21.7179164886475
2012,10,MATUTUINE,40.7852935791016
2012,10,MOAMBA,0
2012,10,NAMAACHA,31.0063648223877
2012,11,BOANE,0
2012,11,MAGUDE,0
2012,11,MANHICA,0
2012,11,MARRACUENE,0
2012,11,MATOLA,0
2012,11,MATUTUINE,0
2012,11,MOAMBA,0
2012,11,NAMAACHA,0
2012,12,BOANE,16.5675926208496
2012,12,MAGUDE,0
2012,12,MANHICA,31.2460680007935
2012,12,MARRACUENE,40.9745950698853
2012,12,MATOLA,21.5748724937439
2012,12,MATUTUINE,11.4229679107666
2012,12,MOAMBA,30.1203756332397
2012,12,NAMAACHA,25.9210071563721
2012,13,BOANE,0
2012,13,MAGUDE,0
2012,13,MANHICA,0
2012,13,MARRACUENE,0
2012,13,MATOLA,0
2012,13,MATUTUINE,0
2012,13,MOAMBA,0
2012,13,NAMAACHA,0
2012,14,BOANE,20.3048844337463
2012,14,MAGUDE,83.2720756530762
2012,14,MANHICA,43.7194557189941
2012,14,MARRACUENE,40.3492012023926
2012,14,MATOLA,32.2463455200195
2012,14,MATUTUINE,16.6561908721924
2012,14,MOAMBA,27.5219931602478
2012,14,NAMAACHA,38.2906064987183
2012,15,BOANE,0
2012,15,MAGUDE,0
2012,15,MANHICA,0
2012,15,MARRACUENE,0
2012,15,MATOLA,0
2012,15,MATUTUINE,0
2012,15,MOAMBA,0
2012,15,NAMAACHA,0
2012,16,BOANE,4.76136589050293
2012,16,MAGUDE,4.22099590301514
2012,16,MANHICA,6.00129652023315
2012,16,MARRACUENE,6.01682376861572
2012,16,MATOLA,9.03342151641846
2012,16,MATUTUINE,3.9427764415741
2012,16,MOAMBA,10.5939240455627
2012,16,NAMAACHA,6.411208152771
2012,17,BOANE,0
2012,17,MAGUDE,0
2012,17,MANHICA,6.02130508422852
2012,17,MARRACUENE,5.69979810714722
2012,17,MATOLA,0
2012,17,MATUTUINE,3.42685556411743
2012,17,MOAMBA,0
2012,17,NAMAACHA,5.28524112701416
2012,18,BOANE,7.53584861755371
2012,18,MAGUDE,9.5463855266571
2012,18,MANHICA,18.5239086151123
2012,18,MARRACUENE,18.2850623130798
2012,18,MATOLA,13.8003129959106
2012,18,MATUTUINE,9.22364139556885
2012,18,MOAMBA,7.41963958740234
2012,18,NAMAACHA,8.31818866729736
2012,19,BOANE,0
2012,19,MAGUDE,0
2012,19,MANHICA,0
2012,19,MARRACUENE,0
2012,19,MATOLA,0
2012,19,MATUTUINE,0
2012,19,MOAMBA,0
2012,19,NAMAACHA,0
2012,20,BOANE,0
2012,20,MAGUDE,0
2012,20,MANHICA,0
2012,20,MARRACUENE,0
2012,20,MATOLA,0
2012,20,MATUTUINE,0
2012,20,MOAMBA,0
2012,20,NAMAACHA,0
2012,21,BOANE,0
2012,21,MAGUDE,0
2012,21,MANHICA,0
2012,21,MARRACUENE,0
2012,21,MATOLA,0
2012,21,MATUTUINE,0
2012,21,MOAMBA,0
2012,21,NAMAACHA,0
2012,22,BOANE,3.51815724372864
2012,22,MAGUDE,0
2012,22,MANHICA,5.91232776641846
2012,22,MARRACUENE,0
2012,22,MATOLA,4.8277268409729
2012,22,MATUTUINE,3.84905695915222
2012,22,MOAMBA,2.55785274505615
2012,22,NAMAACHA,9.50628519058228
2012,23,BOANE,2.82515621185303
2012,23,MAGUDE,0
2012,23,MANHICA,3.39226913452148
2012,23,MARRACUENE,0
2012,23,MATOLA,3.59941911697388
2012,23,MATUTUINE,3.66759753227234
2012,23,MOAMBA,2.73049116134644
2012,23,NAMAACHA,4.3173942565918
2012,24,BOANE,0
2012,24,MAGUDE,0
2012,24,MANHICA,0
2012,24,MARRACUENE,0
2012,24,MATOLA,0
2012,24,MATUTUINE,0
2012,24,MOAMBA,0
2012,24,NAMAACHA,3.76557993888855
2012,25,BOANE,2.94904351234436
2012,25,MAGUDE,0
2012,25,MANHICA,1.93277406692505
2012,25,MARRACUENE,4.02792501449585
2012,25,MATOLA,2.85169434547424
2012,25,MATUTUINE,3.50748252868652
2012,25,MOAMBA,2.99838519096375
2012,25,NAMAACHA,0
2012,26,BOANE,3.42379450798035
2012,26,MAGUDE,10.7009029388428
2012,26,MANHICA,3.60572838783264
2012,26,MARRACUENE,5.85876846313477
2012,26,MATOLA,3.4406373500824
2012,26,MATUTUINE,4.51687669754028
2012,26,MOAMBA,3.28542184829712
2012,26,NAMAACHA,0
2012,27,BOANE,0
2012,27,MAGUDE,0
2012,27,MANHICA,0
2012,27,MARRACUENE,0
2012,27,MATOLA,0
2012,27,MATUTUINE,0
2012,27,MOAMBA,0
2012,27,NAMAACHA,0
2012,28,BOANE,0
2012,28,MAGUDE,0
2012,28,MANHICA,4.52383089065552
2012,28,MARRACUENE,0
2012,28,MATOLA,0
2012,28,MATUTUINE,0
2012,28,MOAMBA,0
2012,28,NAMAACHA,0
2012,29,BOANE,2.53466176986694
2012,29,MAGUDE,10.6382532119751
2012,29,MANHICA,5.91984176635742
2012,29,MARRACUENE,6.74384212493896
2012,29,MATOLA,3.50868058204651
2012,29,MATUTUINE,4.33447599411011
2012,29,MOAMBA,0
2012,29,NAMAACHA,3.54077363014221
2012,30,BOANE,0
2012,30,MAGUDE,0
2012,30,MANHICA,0
2012,30,MARRACUENE,0
2012,30,MATOLA,0
2012,30,MATUTUINE,0
2012,30,MOAMBA,0
2012,30,NAMAACHA,0
2012,31,BOANE,2.57158041000366
2012,31,MAGUDE,0
2012,31,MANHICA,0
2012,31,MARRACUENE,0
2012,31,MATOLA,2.96118688583374
2012,31,MATUTUINE,4.57368564605713
2012,31,MOAMBA,0
2012,31,NAMAACHA,3.44271659851074
2012,32,BOANE,0
2012,32,MAGUDE,0
2012,32,MANHICA,0
2012,32,MARRACUENE,0
2012,32,MATOLA,0
2012,32,MATUTUINE,0
2012,32,MOAMBA,0
2012,32,NAMAACHA,0
2012,33,BOANE,0
2012,33,MAGUDE,3.20797109603882
2012,33,MANHICA,0
2012,33,MARRACUENE,0
2012,33,MATOLA,0
2012,33,MATUTUINE,0
2012,33,MOAMBA,0
2012,33,NAMAACHA,0
2012,34,BOANE,2.61355948448181
2012,34,MAGUDE,3.6401252746582
2012,34,MANHICA,4.33263444900513
2012,34,MARRACUENE,4.16883707046509
2012,34,MATOLA,5.64125347137451
2012,34,MATUTUINE,3.91137313842773
2012,34,MOAMBA,0
2012,34,NAMAACHA,3.51933431625366
2012,35,BOANE,0
2012,35,MAGUDE,0
2012,35,MANHICA,0
2012,35,MARRACUENE,0
2012,35,MATOLA,0
2012,35,MATUTUINE,0
2012,35,MOAMBA,0
2012,35,NAMAACHA,0
2012,36,BOANE,2.83331441879272
2012,36,MAGUDE,0
2012,36,MANHICA,5.35703563690186
2012,36,MARRACUENE,5.11217737197876
2012,36,MATOLA,0
2012,36,MATUTUINE,4.8237133026123
2012,36,MOAMBA,0
2012,36,NAMAACHA,3.35952019691467
2012,37,BOANE,37.072940826416
2012,37,MAGUDE,23.5958766937256
2012,37,MANHICA,50.7182931900024
2012,37,MARRACUENE,36.3701505661011
2012,37,MATOLA,59.930061340332
2012,37,MATUTUINE,104.270830154419
2012,37,MOAMBA,46.954158782959
2012,37,NAMAACHA,55.5864949226379
2012,38,BOANE,17.0599555969238
2012,38,MAGUDE,13.669041633606
2012,38,MANHICA,21.6027793884277
2012,38,MARRACUENE,15.2765555381775
2012,38,MATOLA,0
2012,38,MATUTUINE,0
2012,38,MOAMBA,0
2012,38,NAMAACHA,19.0783271789551
2012,39,BOANE,0
2012,39,MAGUDE,8.02064037322998
2012,39,MANHICA,20.1435401439667
2012,39,MARRACUENE,12.8791751861572
2012,39,MATOLA,12.1367177963257
2012,39,MATUTUINE,0
2012,39,MOAMBA,0
2012,39,NAMAACHA,14.2524871826172
2012,40,BOANE,11.171971321106
2012,40,MAGUDE,12.565146446228
2012,40,MANHICA,21.3592085838318
2012,40,MARRACUENE,8.41076374053955
2012,40,MATOLA,17.5821418762207
2012,40,MATUTUINE,13.73131275177
2012,40,MOAMBA,10.1000423431396
2012,40,NAMAACHA,11.3837161064148
2012,41,BOANE,0
2012,41,MAGUDE,0
2012,41,MANHICA,0
2012,41,MARRACUENE,0
2012,41,MATOLA,0
2012,41,MATUTUINE,0
2012,41,MOAMBA,0
2012,41,NAMAACHA,0
2012,42,BOANE,66.2843339443207
2012,42,MAGUDE,45.1346092224121
2012,42,MANHICA,74.5324687957764
2012,42,MARRACUENE,61.3564052581787
2012,42,MATOLA,65.7336716651917
2012,42,MATUTUINE,69.0540704727173
2012,42,MOAMBA,46.9855470657349
2012,42,NAMAACHA,73.8613004684448
2012,43,BOANE,35.3674879074097
2012,43,MAGUDE,18.4143464565277
2012,43,MANHICA,31.0560827255249
2012,43,MARRACUENE,23.4221992492676
2012,43,MATOLA,25.058865070343
2012,43,MATUTUINE,46.2239189147949
2012,43,MOAMBA,19.4119019508362
2012,43,NAMAACHA,29.0327787399292
2012,44,BOANE,19.8090839385986
2012,44,MAGUDE,20.9968709945679
2012,44,MANHICA,36.4133787155151
2012,44,MARRACUENE,23.8820362091064
2012,44,MATOLA,17.2039132118225
2012,44,MATUTUINE,20.3221549987793
2012,44,MOAMBA,14.8291530609131
2012,44,NAMAACHA,23.0073566436768
2012,45,BOANE,11.8763337135315
2012,45,MAGUDE,11.6456003189087
2012,45,MANHICA,18.3243827819824
2012,45,MARRACUENE,17.8753719329834
2012,45,MATOLA,15.6058161258698
2012,45,MATUTUINE,20.1829962730408
2012,45,MOAMBA,8.70876884460449
2012,45,NAMAACHA,15.7984821796417
2012,46,BOANE,11.2129373550415
2012,46,MAGUDE,23.9642333984375
2012,46,MANHICA,19.4305176734924
2012,46,MARRACUENE,16.67316198349
2012,46,MATOLA,11.1992833614349
2012,46,MATUTUINE,17.9228734970093
2012,46,MOAMBA,21.4108581542969
2012,46,NAMAACHA,18.429844379425
2012,47,BOANE,7.8873074054718
2012,47,MAGUDE,3.94438695907593
2012,47,MANHICA,6.76187181472778
2012,47,MARRACUENE,7.10529899597168
2012,47,MATOLA,7.71997356414795
2012,47,MATUTUINE,8.49651122093201
2012,47,MOAMBA,8.03884887695312
2012,47,NAMAACHA,11.7516050338745
2012,48,BOANE,20.8158373832703
2012,48,MAGUDE,25.7773115634918
2012,48,MANHICA,23.505795955658
2012,48,MARRACUENE,20.5104608535767
2012,48,MATOLA,20.3283042907715
2012,48,MATUTUINE,18.3575251102448
2012,48,MOAMBA,25.4212574958801
2012,48,NAMAACHA,30.7866899967194
2012,49,BOANE,11.3925423622131
2012,49,MAGUDE,12.4575686454773
2012,49,MANHICA,11.0306167602539
2012,49,MARRACUENE,11.6871256828308
2012,49,MATOLA,9.54311418533325
2012,49,MATUTUINE,18.7318305969238
2012,49,MOAMBA,14.6952233314514
2012,49,NAMAACHA,26.9108867645264
2012,50,BOANE,14.3121862411499
2012,50,MAGUDE,50.6893930435181
2012,50,MANHICA,36.1452493667603
2012,50,MARRACUENE,49.6430459022522
2012,50,MATOLA,34.5757808685303
2012,50,MATUTUINE,25.0760078430176
2012,50,MOAMBA,37.5651664733887
2012,50,NAMAACHA,27.63671875
2012,51,BOANE,39.4181289672852
2012,51,MAGUDE,50.0275287628174
2012,51,MANHICA,42.1397275924683
2012,51,MARRACUENE,30.5719318389893
2012,51,MATOLA,28.6770648956299
2012,51,MATUTUINE,16.7173385620117
2012,51,MOAMBA,33.2055397033691
2012,51,NAMAACHA,36.5070724487305
2012,52,BOANE,8.93308448791504
2012,52,MAGUDE,0
2012,52,MANHICA,5.54964113235474
2012,52,MARRACUENE,8.7276611328125
2012,52,MATOLA,10.3148384094238
2012,52,MATUTUINE,10.1933813095093
2012,52,MOAMBA,13.7840209007263
2012,52,NAMAACHA,10.8923270702362
2012,53,BOANE,26.9713764190674
2012,53,MAGUDE,4.0034441947937
2012,53,MANHICA,2.54207515716553
2012,53,MARRACUENE,8.83743000030518
2012,53,MATOLA,11.539391040802
2012,53,MATUTUINE,26.3549556732178
2012,53,MOAMBA,18.6485409736633
2012,53,NAMAACHA,39.6077928543091
2012,54,BOANE,0
2012,54,MAGUDE,8.0068883895874
2012,54,MANHICA,5.08415031433105
2012,54,MARRACUENE,4.41871500015259
2012,54,MATOLA,3.84646368026733
2012,54,MATUTUINE,9.14344215393066
2012,54,MOAMBA,3.72970819473267
2012,54,NAMAACHA,0
2013,1,BOANE,8.66483402252197
2013,1,MAGUDE,0
2013,1,MANHICA,0
2013,1,MARRACUENE,8.1836519241333
2013,1,MATOLA,16.5527877807617
2013,1,MATUTUINE,7.7887716293335
2013,1,MOAMBA,0
2013,1,NAMAACHA,19.6901016235352
2013,2,BOANE,0
2013,2,MAGUDE,13.6205778121948
2013,2,MANHICA,34.1589393615723
2013,2,MARRACUENE,38.0666160583496
2013,2,MATOLA,0
2013,2,MATUTUINE,7.40087890625
2013,2,MOAMBA,13.6470174789429
2013,2,NAMAACHA,0
2013,3,BOANE,63.9962978363037
2013,3,MAGUDE,89.3165102005005
2013,3,MANHICA,110.814842224121
2013,3,MARRACUENE,96.4258909225464
2013,3,MATOLA,126.187870025635
2013,3,MATUTUINE,28.4369983673096
2013,3,MOAMBA,72.1456527709961
2013,3,NAMAACHA,101.571823120117
2013,4,BOANE,37.5945248603821
2013,4,MAGUDE,81.8018217086792
2013,4,MANHICA,60.2509183883667
2013,4,MARRACUENE,47.9075622558594
2013,4,MATOLA,48.0642266273499
2013,4,MATUTUINE,49.7619581222534
2013,4,MOAMBA,41.8294086456299
2013,4,NAMAACHA,56.4517378807068
2013,5,BOANE,31.8510684967041
2013,5,MAGUDE,0
2013,5,MANHICA,0
2013,5,MARRACUENE,0
2013,5,MATOLA,0
2013,5,MATUTUINE,40.8838768005371
2013,5,MOAMBA,4.60276889801025
2013,5,NAMAACHA,0
2013,6,BOANE,29.9299459457397
2013,6,MAGUDE,27.9410047531128
2013,6,MANHICA,57.66721534729
2013,6,MARRACUENE,58.5805721282959
2013,6,MATOLA,45.2693214416504
2013,6,MATUTUINE,23.8750858306885
2013,6,MOAMBA,40.9465236663818
2013,6,NAMAACHA,62.2372550964355
2013,7,BOANE,0
2013,7,MAGUDE,0
2013,7,MANHICA,0
2013,7,MARRACUENE,0
2013,7,MATOLA,0
2013,7,MATUTUINE,0
2013,7,MOAMBA,0
2013,7,NAMAACHA,0
2013,8,BOANE,6.07261514663696
2013,8,MAGUDE,5.3750638961792
2013,8,MANHICA,0
2013,8,MARRACUENE,7.29171371459961
2013,8,MATOLA,9.15143394470215
2013,8,MATUTUINE,9.99944114685059
2013,8,MOAMBA,8.85437774658203
2013,8,NAMAACHA,11.8838748931885
2013,9,BOANE,0
2013,9,MAGUDE,0
2013,9,MANHICA,0
2013,9,MARRACUENE,0
2013,9,MATOLA,0
2013,9,MATUTUINE,18.4997634887695
2013,9,MOAMBA,0
2013,9,NAMAACHA,0
2013,10,BOANE,25.1081037521362
2013,10,MAGUDE,35.5169143676758
2013,10,MANHICA,50.9104614257812
2013,10,MARRACUENE,61.0821580886841
2013,10,MATOLA,32.9375944137573
2013,10,MATUTUINE,26.7349834442139
2013,10,MOAMBA,32.9836330413818
2013,10,NAMAACHA,51.0481863021851
2013,11,BOANE,3.79683089256287
2013,11,MAGUDE,0
2013,11,MANHICA,0
2013,11,MARRACUENE,0
2013,11,MATOLA,0
2013,11,MATUTUINE,0
2013,11,MOAMBA,0
2013,11,NAMAACHA,12.1681041717529
2013,12,BOANE,7.59366178512573
2013,12,MAGUDE,6.71684598922729
2013,12,MANHICA,0
2013,12,MARRACUENE,0
2013,12,MATOLA,15.1355724334717
2013,12,MATUTUINE,22.3534774780273
2013,12,MOAMBA,8.22984027862549
2013,12,NAMAACHA,12.1681041717529
2013,13,BOANE,4.99875497817993
2013,13,MAGUDE,0
2013,13,MANHICA,0
2013,13,MARRACUENE,0
2013,13,MATOLA,6.36133480072021
2013,13,MATUTUINE,0
2013,13,MOAMBA,0
2013,13,NAMAACHA,10.4835529327393
2013,14,BOANE,5.68745470046997
2013,14,MAGUDE,7.01583576202393
2013,14,MANHICA,11.7031331062317
2013,14,MARRACUENE,11.3121843338013
2013,14,MATOLA,5.63925218582153
2013,14,MATUTUINE,64.9033050537109
2013,14,MOAMBA,15.7548065185547
2013,14,NAMAACHA,0
2013,15,BOANE,6.87909078598022
2013,15,MAGUDE,8.112961769104
2013,15,MANHICA,20.5833234786987
2013,15,MARRACUENE,23.7583465576172
2013,15,MATOLA,17.4738359451294
2013,15,MATUTUINE,0
2013,15,MOAMBA,0
2013,15,NAMAACHA,0
2013,16,BOANE,9.95426177978516
2013,16,MAGUDE,7.49130964279175
2013,16,MANHICA,11.1510772705078
2013,16,MARRACUENE,13.753532409668
2013,16,MATOLA,12.1278820037842
2013,16,MATUTUINE,0
2013,16,MOAMBA,31.4754600524902
2013,16,NAMAACHA,64.0950393676758
2013,17,BOANE,5.92937040328979
2013,17,MAGUDE,0
2013,17,MANHICA,9.70793437957764
2013,17,MARRACUENE,11.5591115951538
2013,17,MATOLA,9.88912200927734
2013,17,MATUTUINE,0
2013,17,MOAMBA,0
2013,17,NAMAACHA,0
2013,18,BOANE,5.27221965789795
2013,18,MAGUDE,6.97075033187866
2013,18,MANHICA,10.7290420532227
2013,18,MARRACUENE,17.7634377479553
2013,18,MATOLA,14.912371635437
2013,18,MATUTUINE,0
2013,18,MOAMBA,0
2013,18,NAMAACHA,0
2013,19,BOANE,0
2013,19,MAGUDE,4.40507841110229
2013,19,MANHICA,7.73599433898926
2013,19,MARRACUENE,5.94552230834961
2013,19,MATOLA,5.14751720428467
2013,19,MATUTUINE,17.0520820617676
2013,19,MOAMBA,3.47799849510193
2013,19,NAMAACHA,6.37795639038086
2013,20,BOANE,0
2013,20,MAGUDE,0
2013,20,MANHICA,5.81045913696289
2013,20,MARRACUENE,0
2013,20,MATOLA,0
2013,20,MATUTUINE,0
2013,20,MOAMBA,0
2013,20,NAMAACHA,0
2013,21,BOANE,5.74565315246582
2013,21,MAGUDE,5.05875825881958
2013,21,MANHICA,0
2013,21,MARRACUENE,5.38072490692139
2013,21,MATOLA,5.42221164703369
2013,21,MATUTUINE,0
2013,21,MOAMBA,0
2013,21,NAMAACHA,6.45722246170044
2013,22,BOANE,6.26528072357178
2013,22,MAGUDE,0
2013,22,MANHICA,6.16667032241821
2013,22,MARRACUENE,3.68575000762939
2013,22,MATOLA,4.50444936752319
2013,22,MATUTUINE,0
2013,22,MOAMBA,4.55095291137695
2013,22,NAMAACHA,7.31209659576416
2013,23,BOANE,0
2013,23,MAGUDE,0
2013,23,MANHICA,0
2013,23,MARRACUENE,0
2013,23,MATOLA,0
2013,23,MATUTUINE,0
2013,23,MOAMBA,0
2013,23,NAMAACHA,0
2013,24,BOANE,3.82439541816711
2013,24,MAGUDE,0
2013,24,MANHICA,0
2013,24,MARRACUENE,0
2013,24,MATOLA,0
2013,24,MATUTUINE,10.0630536079407
2013,24,MOAMBA,3.78801131248474
2013,24,NAMAACHA,4.37861394882202
2013,25,BOANE,4.11475038528442
2013,25,MAGUDE,6.62646675109863
2013,25,MANHICA,2.64224028587341
2013,25,MARRACUENE,3.40471959114075
2013,25,MATOLA,3.2099187374115
2013,25,MATUTUINE,0
2013,25,MOAMBA,3.99944114685059
2013,25,NAMAACHA,4.36061382293701
2013,26,BOANE,0
2013,26,MAGUDE,5.12514352798462
2013,26,MANHICA,2.3982994556427
2013,26,MARRACUENE,2.83553385734558
2013,26,MATOLA,4.80962991714478
2013,26,MATUTUINE,0
2013,26,MOAMBA,0
2013,26,NAMAACHA,0
2013,27,BOANE,0
2013,27,MAGUDE,0
2013,27,MANHICA,0
2013,27,MARRACUENE,0
2013,27,MATOLA,0
2013,27,MATUTUINE,0
2013,27,MOAMBA,0
2013,27,NAMAACHA,0
2013,28,BOANE,5.25275182723999
2013,28,MAGUDE,12.3448262214661
2013,28,MANHICA,10.6184363365173
2013,28,MARRACUENE,10.7566123008728
2013,28,MATOLA,11.8406419754028
2013,28,MATUTUINE,13.7069263458252
2013,28,MOAMBA,3.74555897712708
2013,28,NAMAACHA,10.2049775123596
2013,29,BOANE,0
2013,29,MAGUDE,0
2013,29,MANHICA,0
2013,29,MARRACUENE,0
2013,29,MATOLA,0
2013,29,MATUTUINE,0
2013,29,MOAMBA,0
2013,29,NAMAACHA,0
2013,30,BOANE,0
2013,30,MAGUDE,0
2013,30,MANHICA,0
2013,30,MARRACUENE,0
2013,30,MATOLA,0
2013,30,MATUTUINE,0
2013,30,MOAMBA,0
2013,30,NAMAACHA,0
2013,31,BOANE,5.55527019500732
2013,31,MAGUDE,0
2013,31,MANHICA,5.40920877456665
2013,31,MARRACUENE,5.78198862075806
2013,31,MATOLA,4.6921181678772
2013,31,MATUTUINE,5.55596399307251
2013,31,MOAMBA,3.63446736335754
2013,31,NAMAACHA,7.18401527404785
2013,32,BOANE,0
2013,32,MAGUDE,0
2013,32,MANHICA,0
2013,32,MARRACUENE,0
2013,32,MATOLA,0
2013,32,MATUTUINE,3.24329710006714
2013,32,MOAMBA,0
2013,32,NAMAACHA,3.8056800365448
2013,33,BOANE,0
2013,33,MAGUDE,2.71765470504761
2013,33,MANHICA,1.76291930675507
2013,33,MARRACUENE,0
2013,33,MATOLA,0
2013,33,MATUTUINE,0
2013,33,MOAMBA,0
2013,33,NAMAACHA,0
2013,34,BOANE,0
2013,34,MAGUDE,0
2013,34,MANHICA,0
2013,34,MARRACUENE,0
2013,34,MATOLA,0
2013,34,MATUTUINE,0
2013,34,MOAMBA,0
2013,34,NAMAACHA,0
2013,35,BOANE,6.27620482444763
2013,35,MAGUDE,3.887446641922
2013,35,MANHICA,6.17312908172607
2013,35,MARRACUENE,11.2083034515381
2013,35,MATOLA,7.20525336265564
2013,35,MATUTUINE,9.28284907341003
2013,35,MOAMBA,0
2013,35,NAMAACHA,4.8663763999939
2013,36,BOANE,4.76799297332764
2013,36,MAGUDE,3.14884829521179
2013,36,MANHICA,5.2845573425293
2013,36,MARRACUENE,5.59503746032715
2013,36,MATOLA,0
2013,36,MATUTUINE,7.69024705886841
2013,36,MOAMBA,3.35222697257996
2013,36,NAMAACHA,5.7613468170166
2013,37,BOANE,0
2013,37,MAGUDE,3.44680905342102
2013,37,MANHICA,5.69218969345093
2013,37,MARRACUENE,0
2013,37,MATOLA,0
2013,37,MATUTUINE,0
2013,37,MOAMBA,0
2013,37,NAMAACHA,5.04694604873657
2013,38,BOANE,4.61055898666382
2013,38,MAGUDE,0
2013,38,MANHICA,0
2013,38,MARRACUENE,0
2013,38,MATOLA,0
2013,38,MATUTUINE,15.294406414032
2013,38,MOAMBA,0
2013,38,NAMAACHA,5.67788791656494
2013,39,BOANE,0
2013,39,MAGUDE,0
2013,39,MANHICA,4.41811990737915
2013,39,MARRACUENE,0
2013,39,MATOLA,0
2013,39,MATUTUINE,0
2013,39,MOAMBA,3.89927697181702
2013,39,NAMAACHA,0
2013,40,BOANE,9.15839385986328
2013,40,MAGUDE,9.82781791687012
2013,40,MANHICA,21.3431882858276
2013,40,MARRACUENE,16.8526077270508
2013,40,MATOLA,24.6665878295898
2013,40,MATUTUINE,9.64599418640137
2013,40,MOAMBA,10.0801601409912
2013,40,NAMAACHA,8.95711994171143
2013,41,BOANE,9.39494323730469
2013,41,MAGUDE,0
2013,41,MANHICA,0
2013,41,MARRACUENE,0
2013,41,MATOLA,0
2013,41,MATUTUINE,9.57367515563965
2013,41,MOAMBA,0
2013,41,NAMAACHA,10.2069067955017
2013,42,BOANE,13.2486381530762
2013,42,MAGUDE,9.88937973976135
2013,42,MANHICA,13.7849187850952
2013,42,MARRACUENE,11.3718013763428
2013,42,MATOLA,12.8499908447266
2013,42,MATUTUINE,5.43345594406128
2013,42,MOAMBA,10.5309934616089
2013,42,NAMAACHA,18.7407581806183
2013,43,BOANE,38.6021366119385
2013,43,MAGUDE,21.7110993862152
2013,43,MANHICA,40.1883592605591
2013,43,MARRACUENE,42.6521725654602
2013,43,MATOLA,34.4762134552002
2013,43,MATUTUINE,43.6113295555115
2013,43,MOAMBA,29.4088220596313
2013,43,NAMAACHA,37.1270456314087
2013,44,BOANE,36.7355661392212
2013,44,MAGUDE,31.0368895530701
2013,44,MANHICA,34.9346032142639
2013,44,MARRACUENE,31.9998083114624
2013,44,MATOLA,36.0437040328979
2013,44,MATUTUINE,41.5410919189453
2013,44,MOAMBA,25.0583038330078
2013,44,NAMAACHA,41.0553455352783
2013,45,BOANE,0
2013,45,MAGUDE,0
2013,45,MANHICA,0
2013,45,MARRACUENE,0
2013,45,MATOLA,0
2013,45,MATUTUINE,0
2013,45,MOAMBA,0
2013,45,NAMAACHA,0
2013,46,BOANE,12.2461040019989
2013,46,MAGUDE,9.96423768997192
2013,46,MANHICA,9.28566884994507
2013,46,MARRACUENE,9.27689623832703
2013,46,MATOLA,8.19748711585999
2013,46,MATUTUINE,20.6691980361938
2013,46,MOAMBA,9.78129410743713
2013,46,NAMAACHA,13.3890862464905
2013,47,BOANE,26.1425952911377
2013,47,MAGUDE,30.6133728027344
2013,47,MANHICA,28.6914076805115
2013,47,MARRACUENE,32.7992887496948
2013,47,MATOLA,26.7659289836884
2013,47,MATUTUINE,32.8859581947327
2013,47,MOAMBA,32.0278291702271
2013,47,NAMAACHA,37.7467594146729
2013,48,BOANE,16.7444133758545
2013,48,MAGUDE,13.9843721389771
2013,48,MANHICA,12.130838394165
2013,48,MARRACUENE,16.6489849090576
2013,48,MATOLA,15.0124998092651
2013,48,MATUTUINE,26.0896348953247
2013,48,MOAMBA,22.604926109314
2013,48,NAMAACHA,22.2084021568298
2013,49,BOANE,24.6082363128662
2013,49,MAGUDE,22.1763896942139
2013,49,MANHICA,22.9260876178741
2013,49,MARRACUENE,25.1302075386047
2013,49,MATOLA,20.9528772830963
2013,49,MATUTUINE,28.3227920532227
2013,49,MOAMBA,24.6539354324341
2013,49,NAMAACHA,25.3087482452393
2013,50,BOANE,35.7293243408203
2013,50,MAGUDE,19.7233076095581
2013,50,MANHICA,29.2406330108643
2013,50,MARRACUENE,32.3234796524048
2013,50,MATOLA,23.2962129116058
2013,50,MATUTUINE,38.5339260101318
2013,50,MOAMBA,26.4699573516846
2013,50,NAMAACHA,49.5887930393219
2013,51,BOANE,13.9935903549194
2013,51,MAGUDE,14.1950097084045
2013,51,MANHICA,0
2013,51,MARRACUENE,0
2013,51,MATOLA,7.98458194732666
2013,51,MATUTUINE,12.1593089103699
2013,51,MOAMBA,7.56775045394897
2013,51,NAMAACHA,5.00475025177002
2013,52,BOANE,22.252857208252
2013,52,MAGUDE,0
2013,52,MANHICA,8.01883792877197
2013,52,MARRACUENE,9.95465278625488
2013,52,MATOLA,14.5602951049805
2013,52,MATUTUINE,26.4377365112305
2013,52,MOAMBA,8.59821224212646
2013,52,NAMAACHA,0
2013,53,BOANE,11.126428604126
2013,53,MAGUDE,28.9904251098633
2013,53,MANHICA,24.0565147399902
2013,53,MARRACUENE,19.9093055725098
2013,53,MATOLA,14.5602951049805
2013,53,MATUTUINE,13.2188682556152
2013,53,MOAMBA,17.1964244842529
2013,53,NAMAACHA,30.0631923675537
2014,1,BOANE,0
2014,1,MAGUDE,0
2014,1,MANHICA,0
2014,1,MARRACUENE,0
2014,1,MATOLA,0
2014,1,MATUTUINE,0
2014,1,MOAMBA,0
2014,1,NAMAACHA,0
2014,2,BOANE,15.1726989746094
2014,2,MAGUDE,23.0817000865936
2014,2,MANHICA,24.9784870147705
2014,2,MARRACUENE,0
2014,2,MATOLA,19.0709781646729
2014,2,MATUTUINE,24.0826187133789
2014,2,MOAMBA,13.5971717834473
2014,2,NAMAACHA,13.7729644775391
2014,3,BOANE,5.93239784240723
2014,3,MAGUDE,0
2014,3,MANHICA,0
2014,3,MARRACUENE,11.1071014404297
2014,3,MATOLA,7.64416122436523
2014,3,MATUTUINE,6.95723438262939
2014,3,MOAMBA,7.80157279968262
2014,3,NAMAACHA,8.78628063201904
2014,4,BOANE,7.91629815101624
2014,4,MAGUDE,13.9529333114624
2014,4,MANHICA,14.0228834152222
2014,4,MARRACUENE,13.6451663970947
2014,4,MATOLA,6.23959922790527
2014,4,MATUTUINE,11.9722328186035
2014,4,MOAMBA,4.66220045089722
2014,4,NAMAACHA,9.71292448043823
2014,5,BOANE,24.8305377960205
2014,5,MAGUDE,30.2052583694458
2014,5,MANHICA,52.3438053131104
2014,5,MARRACUENE,69.0992069244385
2014,5,MATOLA,52.1088457107544
2014,5,MATUTUINE,30.0130729675293
2014,5,MOAMBA,37.321626663208
2014,5,NAMAACHA,27.8788776397705
2014,6,BOANE,50.5221633911133
2014,6,MAGUDE,3.63955163955688
2014,6,MANHICA,0
2014,6,MARRACUENE,17.2097644805908
2014,6,MATOLA,24.7279491424561
2014,6,MATUTUINE,27.857105255127
2014,6,MOAMBA,16.6200065612793
2014,6,NAMAACHA,67.9259872436523
2014,7,BOANE,0
2014,7,MAGUDE,21.4809064865112
2014,7,MANHICA,32.9046363830566
2014,7,MARRACUENE,0
2014,7,MATOLA,0
2014,7,MATUTUINE,0
2014,7,MOAMBA,19.4252948760986
2014,7,NAMAACHA,0
2014,8,BOANE,0
2014,8,MAGUDE,4.03168535232544
2014,8,MANHICA,0
2014,8,MARRACUENE,0
2014,8,MATOLA,0
2014,8,MATUTUINE,0
2014,8,MOAMBA,0
2014,8,NAMAACHA,0
2014,9,BOANE,0
2014,9,MAGUDE,0
2014,9,MANHICA,26.4467430114746
2014,9,MARRACUENE,52.2490081787109
2014,9,MATOLA,33.2185287475586
2014,9,MATUTUINE,25.8203887939453
2014,9,MOAMBA,0
2014,9,NAMAACHA,0
2014,10,BOANE,27.9589138031006
2014,10,MAGUDE,58.2902011871338
2014,10,MANHICA,67.7018337249756
2014,10,MARRACUENE,51.70636510849
2014,10,MATOLA,40.2719736099243
2014,10,MATUTUINE,64.1258516311646
2014,10,MOAMBA,42.9845690727234
2014,10,NAMAACHA,49.6133556365967
2014,11,BOANE,19.2245564460754
2014,11,MAGUDE,50.0616617202759
2014,11,MANHICA,52.5358905792236
2014,11,MARRACUENE,41.9496116638184
2014,11,MATOLA,29.0413613319397
2014,11,MATUTUINE,31.9149303436279
2014,11,MOAMBA,27.833890914917
2014,11,NAMAACHA,41.4115662574768
2014,12,BOANE,9.74894237518311
2014,12,MAGUDE,12.4999189376831
2014,12,MANHICA,11.9898824691772
2014,12,MARRACUENE,7.08804941177368
2014,12,MATOLA,10.9036602973938
2014,12,MATUTUINE,15.7732486724854
2014,12,MOAMBA,0
2014,12,NAMAACHA,8.21658039093018
2014,13,BOANE,0
2014,13,MAGUDE,0
2014,13,MANHICA,0
2014,13,MARRACUENE,0
2014,13,MATOLA,0
2014,13,MATUTUINE,0
2014,13,MOAMBA,0
2014,13,NAMAACHA,0
2014,14,BOANE,8.09191513061523
2014,14,MAGUDE,0
2014,14,MANHICA,7.39054012298584
2014,14,MARRACUENE,1.63968276977539
2014,14,MATOLA,0
2014,14,MATUTUINE,0
2014,14,MOAMBA,2.94855523109436
2014,14,NAMAACHA,4.42181539535522
2014,15,BOANE,0
2014,15,MAGUDE,15.9868636131287
2014,15,MANHICA,21.3782777786255
2014,15,MARRACUENE,16.2853412628174
2014,15,MATOLA,8.67177391052246
2014,15,MATUTUINE,0
2014,15,MOAMBA,8.31759166717529
2014,15,NAMAACHA,0
2014,16,BOANE,0
2014,16,MAGUDE,0
2014,16,MANHICA,4.43593883514404
2014,16,MARRACUENE,8.88930606842041
2014,16,MATOLA,5.8357949256897
2014,16,MATUTUINE,4.2169361114502
2014,16,MOAMBA,5.61647844314575
2014,16,NAMAACHA,9.54876565933228
2014,17,BOANE,0
2014,17,MAGUDE,4.78184366226196
2014,17,MANHICA,7.20743703842163
2014,17,MARRACUENE,8.63653564453125
2014,17,MATOLA,5.86359834671021
2014,17,MATUTUINE,6.22216653823853
2014,17,MOAMBA,4.00764274597168
2014,17,NAMAACHA,5.01475095748901
2014,18,BOANE,0
2014,18,MAGUDE,0
2014,18,MANHICA,0
2014,18,MARRACUENE,0
2014,18,MATOLA,0
2014,18,MATUTUINE,4.92483615875244
2014,18,MOAMBA,0
2014,18,NAMAACHA,0
2014,19,BOANE,2.37598514556885
2014,19,MAGUDE,0
2014,19,MANHICA,0
2014,19,MARRACUENE,3.08963489532471
2014,19,MATOLA,3.08414125442505
2014,19,MATUTUINE,4.18077230453491
2014,19,MOAMBA,0
2014,19,NAMAACHA,0
2014,20,BOANE,0
2014,20,MAGUDE,0
2014,20,MANHICA,3.39883255958557
2014,20,MARRACUENE,0
2014,20,MATOLA,0
2014,20,MATUTUINE,0
2014,20,MOAMBA,0
2014,20,NAMAACHA,3.61138463020325
2014,21,BOANE,0
2014,21,MAGUDE,0
2014,21,MANHICA,0
2014,21,MARRACUENE,0
2014,21,MATOLA,0
2014,21,MATUTUINE,0
2014,21,MOAMBA,0
2014,21,NAMAACHA,0
2014,22,BOANE,2.8412458896637
2014,22,MAGUDE,0
2014,22,MANHICA,5.13341856002808
2014,22,MARRACUENE,3.6337902545929
2014,22,MATOLA,3.35574626922607
2014,22,MATUTUINE,4.53085470199585
2014,22,MOAMBA,0
2014,22,NAMAACHA,3.70533061027527
2014,23,BOANE,3.63932061195374
2014,23,MAGUDE,0
2014,23,MANHICA,0
2014,23,MARRACUENE,2.83705997467041
2014,23,MATOLA,3.61157560348511
2014,23,MATUTUINE,4.54925966262817
2014,23,MOAMBA,3.83681797981262
2014,23,NAMAACHA,4.17115116119385
2014,24,BOANE,3.21733617782593
2014,24,MAGUDE,5.01262140274048
2014,24,MANHICA,0
2014,24,MARRACUENE,0
2014,24,MATOLA,0
2014,24,MATUTUINE,4.2020001411438
2014,24,MOAMBA,0
2014,24,NAMAACHA,0
2014,25,BOANE,0
2014,25,MAGUDE,5.41738986968994
2014,25,MANHICA,0
2014,25,MARRACUENE,3.00617718696594
2014,25,MATOLA,2.84773731231689
2014,25,MATUTUINE,0
2014,25,MOAMBA,3.54704117774963
2014,25,NAMAACHA,3.72694134712219
2014,26,BOANE,0
2014,26,MAGUDE,0
2014,26,MANHICA,0
2014,26,MARRACUENE,0
2014,26,MATOLA,0
2014,26,MATUTUINE,0
2014,26,MOAMBA,0
2014,26,NAMAACHA,0
2014,27,BOANE,0
2014,27,MAGUDE,0
2014,27,MANHICA,0
2014,27,MARRACUENE,0
2014,27,MATOLA,0
2014,27,MATUTUINE,5.43551445007324
2014,27,MOAMBA,0
2014,27,NAMAACHA,3.68689155578613
2014,28,BOANE,0
2014,28,MAGUDE,0
2014,28,MANHICA,0
2014,28,MARRACUENE,0
2014,28,MATOLA,0
2014,28,MATUTUINE,0
2014,28,MOAMBA,0
2014,28,NAMAACHA,0
2014,29,BOANE,0
2014,29,MAGUDE,0
2014,29,MANHICA,0
2014,29,MARRACUENE,0
2014,29,MATOLA,0
2014,29,MATUTUINE,4.61082410812378
2014,29,MOAMBA,0
2014,29,NAMAACHA,0
2014,30,BOANE,2.87340569496155
2014,30,MAGUDE,4.78841161727905
2014,30,MANHICA,4.78194904327393
2014,30,MARRACUENE,3.62003302574158
2014,30,MATOLA,3.5095636844635
2014,30,MATUTUINE,0
2014,30,MOAMBA,0
2014,30,NAMAACHA,4.05057001113892
2014,31,BOANE,2.75785994529724
2014,31,MAGUDE,5.32986640930176
2014,31,MANHICA,6.22158622741699
2014,31,MARRACUENE,4.89139604568481
2014,31,MATOLA,9.91515588760376
2014,31,MATUTUINE,0
2014,31,MOAMBA,0
2014,31,NAMAACHA,3.4302716255188
2014,32,BOANE,0
2014,32,MAGUDE,0
2014,32,MANHICA,0
2014,32,MARRACUENE,5.75926494598389
2014,32,MATOLA,0
2014,32,MATUTUINE,0
2014,32,MOAMBA,0
2014,32,NAMAACHA,0
2014,33,BOANE,3.83633852005005
2014,33,MAGUDE,3.96958351135254
2014,33,MANHICA,4.95284175872803
2014,33,MARRACUENE,7.58078289031982
2014,33,MATOLA,0
2014,33,MATUTUINE,11.2098469734192
2014,33,MOAMBA,0
2014,33,NAMAACHA,0
2014,34,BOANE,0
2014,34,MAGUDE,0
2014,34,MANHICA,0
2014,34,MARRACUENE,0
2014,34,MATOLA,0
2014,34,MATUTUINE,0
2014,34,MOAMBA,0
2014,34,NAMAACHA,0
2014,35,BOANE,5.57166624069214
2014,35,MAGUDE,0
2014,35,MANHICA,0
2014,35,MARRACUENE,5.63888311386108
2014,35,MATOLA,6.15223455429077
2014,35,MATUTUINE,6.3843355178833
2014,35,MOAMBA,0
2014,35,NAMAACHA,5.55562448501587
2014,36,BOANE,0
2014,36,MAGUDE,4.16808652877808
2014,36,MANHICA,7.50668573379517
2014,36,MARRACUENE,0
2014,36,MATOLA,0
2014,36,MATUTUINE,0
2014,36,MOAMBA,0
2014,36,NAMAACHA,0
2014,37,BOANE,0
2014,37,MAGUDE,4.22694635391235
2014,37,MANHICA,6.64925527572632
2014,37,MARRACUENE,0
2014,37,MATOLA,0
2014,37,MATUTUINE,0
2014,37,MOAMBA,0
2014,37,NAMAACHA,0
2014,38,BOANE,11.8554077148438
2014,38,MAGUDE,0
2014,38,MANHICA,8.38934326171875
2014,38,MARRACUENE,11.4480364322662
2014,38,MATOLA,16.0634331703186
2014,38,MATUTUINE,16.3701019287109
2014,38,MOAMBA,10.3524420261383
2014,38,NAMAACHA,17.1102485656738
2014,39,BOANE,0
2014,39,MAGUDE,4.08341550827026
2014,39,MANHICA,6.30074834823608
2014,39,MARRACUENE,2.99803495407104
2014,39,MATOLA,0
2014,39,MATUTUINE,7.09880542755127
2014,39,MOAMBA,0
2014,39,NAMAACHA,0
2014,40,BOANE,0
2014,40,MAGUDE,0
2014,40,MANHICA,0
2014,40,MARRACUENE,0
2014,40,MATOLA,0
2014,40,MATUTUINE,0
2014,40,MOAMBA,0
2014,40,NAMAACHA,0
2014,41,BOANE,5.46847867965698
2014,41,MAGUDE,4.95857334136963
2014,41,MANHICA,9.84538078308105
2014,41,MARRACUENE,4.89251852035522
2014,41,MATOLA,4.80271291732788
2014,41,MATUTUINE,0
2014,41,MOAMBA,3.15954327583313
2014,41,NAMAACHA,0
2014,42,BOANE,27.0884137153625
2014,42,MAGUDE,30.9417037963867
2014,42,MANHICA,46.8669910430908
2014,42,MARRACUENE,38.2002959251404
2014,42,MATOLA,28.9917545318604
2014,42,MATUTUINE,35.9005813598633
2014,42,MOAMBA,27.0400674343109
2014,42,NAMAACHA,35.5515060424805
2014,43,BOANE,0
2014,43,MAGUDE,0
2014,43,MANHICA,0
2014,43,MARRACUENE,0
2014,43,MATOLA,0
2014,43,MATUTUINE,0
2014,43,MOAMBA,0
2014,43,NAMAACHA,0
2014,44,BOANE,0
2014,44,MAGUDE,0
2014,44,MANHICA,0
2014,44,MARRACUENE,0
2014,44,MATOLA,0
2014,44,MATUTUINE,0
2014,44,MOAMBA,0
2014,44,NAMAACHA,0
2014,45,BOANE,0
2014,45,MAGUDE,3.89451456069946
2014,45,MANHICA,0
2014,45,MARRACUENE,0
2014,45,MATOLA,2.1074161529541
2014,45,MATUTUINE,0
2014,45,MOAMBA,2.34102344512939
2014,45,NAMAACHA,0
2014,46,BOANE,23.8556470870972
2014,46,MAGUDE,26.7228622436523
2014,46,MANHICA,28.2813987731934
2014,46,MARRACUENE,30.9962377548218
2014,46,MATOLA,23.1889791488647
2014,46,MATUTUINE,28.7966332435608
2014,46,MOAMBA,28.8385472297668
2014,46,NAMAACHA,30.8078117370605
2014,47,BOANE,2.38948154449463
2014,47,MAGUDE,3.59058952331543
2014,47,MANHICA,9.07838249206543
2014,47,MARRACUENE,3.56368136405945
2014,47,MATOLA,0
2014,47,MATUTUINE,3.24088025093079
2014,47,MOAMBA,9.28683400154114
2014,47,NAMAACHA,4.00267124176025
2014,48,BOANE,14.4002623558044
2014,48,MAGUDE,19.7118601799011
2014,48,MANHICA,12.6340684890747
2014,48,MARRACUENE,7.18292617797852
2014,48,MATOLA,9.6506519317627
2014,48,MATUTUINE,20.3713204860687
2014,48,MOAMBA,9.69693851470947
2014,48,NAMAACHA,26.2354364395142
2014,49,BOANE,14.7721385955811
2014,49,MAGUDE,4.59663152694702
2014,49,MANHICA,6.09148693084717
2014,49,MARRACUENE,5.86016035079956
2014,49,MATOLA,13.7840180397034
2014,49,MATUTUINE,18.1054172515869
2014,49,MOAMBA,10.5920205116272
2014,49,NAMAACHA,27.1748552322388
2014,50,BOANE,33.149112701416
2014,50,MAGUDE,18.700553894043
2014,50,MANHICA,49.9665784835815
2014,50,MARRACUENE,35.9414367675781
2014,50,MATOLA,26.3851776123047
2014,50,MATUTUINE,12.8371739387512
2014,50,MOAMBA,46.6499333381653
2014,50,NAMAACHA,16.3406143188477
2014,51,BOANE,7.35078859329224
2014,51,MAGUDE,51.6943807601929
2014,51,MANHICA,29.5563888549805
2014,51,MARRACUENE,16.986499786377
2014,51,MATOLA,8.99686050415039
2014,51,MATUTUINE,16.4265146255493
2014,51,MOAMBA,17.2842998504639
2014,51,NAMAACHA,29.9146404266357
2014,52,BOANE,38.429069519043
2014,52,MAGUDE,23.9829730987549
2014,52,MANHICA,17.7748279571533
2014,52,MARRACUENE,10.793417930603
2014,52,MATOLA,26.2260656356812
2014,52,MATUTUINE,17.7284412384033
2014,52,MOAMBA,18.0136623382568
2014,52,NAMAACHA,30.2409334182739
2014,53,BOANE,31.3190841674805
2014,53,MAGUDE,47.9659466743469
2014,53,MANHICA,53.32448387146
2014,53,MARRACUENE,60.2731132507324
2014,53,MATOLA,30.2270336151123
2014,53,MATUTUINE,26.6220045089722
2014,53,MOAMBA,54.0409870147705
2014,53,NAMAACHA,38.2102222442627
2015,1,BOANE,0
2015,1,MAGUDE,12.7183094024658
2015,1,MANHICA,0
2015,1,MARRACUENE,2.69076228141785
2015,1,MATOLA,0
2015,1,MATUTUINE,9.10153579711914
2015,1,MOAMBA,0
2015,1,NAMAACHA,0
2015,2,BOANE,0
2015,2,MAGUDE,0
2015,2,MANHICA,0
2015,2,MARRACUENE,0
2015,2,MATOLA,0
2015,2,MATUTUINE,0
2015,2,MOAMBA,0
2015,2,NAMAACHA,0
2015,3,BOANE,0
2015,3,MAGUDE,14.8067350387573
2015,3,MANHICA,8.24235820770264
2015,3,MARRACUENE,15.9640340805054
2015,3,MATOLA,34.096378326416
2015,3,MATUTUINE,33.4048385620117
2015,3,MOAMBA,37.6119537353516
2015,3,NAMAACHA,38.7800750732422
2015,4,BOANE,0
2015,4,MAGUDE,2.78114223480225
2015,4,MANHICA,0
2015,4,MARRACUENE,0
2015,4,MATOLA,0
2015,4,MATUTUINE,0
2015,4,MOAMBA,0
2015,4,NAMAACHA,0
2015,5,BOANE,49.2871589660645
2015,5,MAGUDE,5.97857308387756
2015,5,MANHICA,19.2535796165466
2015,5,MARRACUENE,42.6238327026367
2015,5,MATOLA,52.0432548522949
2015,5,MATUTUINE,30.0491962432861
2015,5,MOAMBA,29.1485042572021
2015,5,NAMAACHA,59.3978176116943
2015,6,BOANE,79.2132339477539
2015,6,MAGUDE,55.2463250160217
2015,6,MANHICA,103.803153991699
2015,6,MARRACUENE,119.442024230957
2015,6,MATOLA,104.581161499023
2015,6,MATUTUINE,69.2854766845703
2015,6,MOAMBA,68.4428215026855
2015,6,NAMAACHA,133.084503173828
2015,7,BOANE,24.0039386749268
2015,7,MAGUDE,12.3843774795532
2015,7,MANHICA,24.7637367248535
2015,7,MARRACUENE,21.2978572845459
2015,7,MATOLA,14.3141241073608
2015,7,MATUTUINE,19.1547031402588
2015,7,MOAMBA,33.8384552001953
2015,7,NAMAACHA,61.8989334106445
2015,8,BOANE,0
2015,8,MAGUDE,12.3843774795532
2015,8,MANHICA,24.7637367248535
2015,8,MARRACUENE,21.2978572845459
2015,8,MATOLA,14.3141241073608
2015,8,MATUTUINE,19.1547031402588
2015,8,MOAMBA,0
2015,8,NAMAACHA,0
2015,9,BOANE,7.27717113494873
2015,9,MAGUDE,7.77074098587036
2015,9,MANHICA,0
2015,9,MARRACUENE,15.1786642074585
2015,9,MATOLA,10.5888481140137
2015,9,MATUTUINE,12.3320016860962
2015,9,MOAMBA,11.5408554077148
2015,9,NAMAACHA,0
2015,10,BOANE,0
2015,10,MAGUDE,0
2015,10,MANHICA,0
2015,10,MARRACUENE,0
2015,10,MATOLA,0
2015,10,MATUTUINE,0
2015,10,MOAMBA,0
2015,10,NAMAACHA,0
2015,11,BOANE,0
2015,11,MAGUDE,0
2015,11,MANHICA,0
2015,11,MARRACUENE,0
2015,11,MATOLA,0
2015,11,MATUTUINE,15.3695421218872
2015,11,MOAMBA,0
2015,11,NAMAACHA,0
2015,12,BOANE,23.7793674468994
2015,12,MAGUDE,14.3681716918945
2015,12,MANHICA,24.3610849380493
2015,12,MARRACUENE,25.6652126312256
2015,12,MATOLA,22.293004989624
2015,12,MATUTUINE,31.0993046760559
2015,12,MOAMBA,13.7829909324646
2015,12,NAMAACHA,26.5685424804688
2015,13,BOANE,22.4319133758545
2015,13,MAGUDE,20.5058422088623
2015,13,MANHICA,0
2015,13,MARRACUENE,48.8148765563965
2015,13,MATOLA,32.6320457458496
2015,13,MATUTUINE,20.1720128059387
2015,13,MOAMBA,36.3258361816406
2015,13,NAMAACHA,70.9440593719482
2015,14,BOANE,10.0247287750244
2015,14,MAGUDE,20.5058422088623
2015,14,MANHICA,47.1298522949219
2015,14,MARRACUENE,12.8071002960205
2015,14,MATOLA,8.34413623809814
2015,14,MATUTUINE,17.1524677276611
2015,14,MOAMBA,11.6783781051636
2015,14,NAMAACHA,16.9191265106201
2015,15,BOANE,0
2015,15,MAGUDE,0
2015,15,MANHICA,0
2015,15,MARRACUENE,0
2015,15,MATOLA,0
2015,15,MATUTUINE,13.3324518203735
2015,15,MOAMBA,0
2015,15,NAMAACHA,0
2015,16,BOANE,13.1300573348999
2015,16,MAGUDE,18.4026050567627
2015,16,MANHICA,26.6215858459473
2015,16,MARRACUENE,22.4242515563965
2015,16,MATOLA,9.01815605163574
2015,16,MATUTUINE,0
2015,16,MOAMBA,13.4830598831177
2015,16,NAMAACHA,16.4100284576416
2015,17,BOANE,0
2015,17,MAGUDE,0
2015,17,MANHICA,0
2015,17,MARRACUENE,0
2015,17,MATOLA,9.01815605163574
2015,17,MATUTUINE,0
2015,17,MOAMBA,0
2015,17,NAMAACHA,0
2015,18,BOANE,0
2015,18,MAGUDE,0
2015,18,MANHICA,15.7050075531006
2015,18,MARRACUENE,12.671181678772
2015,18,MATOLA,10.1949520111084
2015,18,MATUTUINE,18.3963832855225
2015,18,MOAMBA,0
2015,18,NAMAACHA,0
2015,19,BOANE,0
2015,19,MAGUDE,0
2015,19,MANHICA,11.2578315734863
2015,19,MARRACUENE,5.948073387146
2015,19,MATOLA,0
2015,19,MATUTUINE,0
2015,19,MOAMBA,0
2015,19,NAMAACHA,4.97386693954468
2015,20,BOANE,3.14567279815674
2015,20,MAGUDE,0
2015,20,MANHICA,0
2015,20,MARRACUENE,0
2015,20,MATOLA,4.15350437164307
2015,20,MATUTUINE,0
2015,20,MOAMBA,4.79266786575317
2015,20,NAMAACHA,0
2015,21,BOANE,3.35387635231018
2015,21,MAGUDE,2.64098930358887
2015,21,MANHICA,4.35220766067505
2015,21,MARRACUENE,4.50767278671265
2015,21,MATOLA,4.23207139968872
2015,21,MATUTUINE,4.46430778503418
2015,21,MOAMBA,0
2015,21,NAMAACHA,4.72185659408569
2015,22,BOANE,0
2015,22,MAGUDE,0
2015,22,MANHICA,0
2015,22,MARRACUENE,0
2015,22,MATOLA,0
2015,22,MATUTUINE,4.08625459671021
2015,22,MOAMBA,0
2015,22,NAMAACHA,0
2015,23,BOANE,3.89373993873596
2015,23,MAGUDE,3.06166052818298
2015,23,MANHICA,0
2015,23,MARRACUENE,0
2015,23,MATOLA,8.11512422561646
2015,23,MATUTUINE,4.73577356338501
2015,23,MOAMBA,0
2015,23,NAMAACHA,4.63780641555786
2015,24,BOANE,3.82932877540588
2015,24,MAGUDE,0
2015,24,MANHICA,0
2015,24,MARRACUENE,0
2015,24,MATOLA,0
2015,24,MATUTUINE,4.56927919387817
2015,24,MOAMBA,4.47268915176392
2015,24,NAMAACHA,4.94520235061646
2015,25,BOANE,0
2015,25,MAGUDE,5.30311822891235
2015,25,MANHICA,3.20964384078979
2015,25,MARRACUENE,3.9757080078125
2015,25,MATOLA,0
2015,25,MATUTUINE,0
2015,25,MOAMBA,4.44186353683472
2015,25,NAMAACHA,0
2015,26,BOANE,0
2015,26,MAGUDE,5.77815294265747
2015,26,MANHICA,3.1461820602417
2015,26,MARRACUENE,3.93170857429504
2015,26,MATOLA,0
2015,26,MATUTUINE,0
2015,26,MOAMBA,0
2015,26,NAMAACHA,0
2015,27,BOANE,0
2015,27,MAGUDE,0
2015,27,MANHICA,5.66184234619141
2015,27,MARRACUENE,4.43615674972534
2015,27,MATOLA,4.37109136581421
2015,27,MATUTUINE,6.20510387420654
2015,27,MOAMBA,2.70429062843323
2015,27,NAMAACHA,4.58439064025879
2015,28,BOANE,0
2015,28,MAGUDE,4.00258493423462
2015,28,MANHICA,0
2015,28,MARRACUENE,0
2015,28,MATOLA,0
2015,28,MATUTUINE,0
2015,28,MOAMBA,0
2015,28,NAMAACHA,0
2015,29,BOANE,4.92934894561768
2015,29,MAGUDE,0
2015,29,MANHICA,0
2015,29,MARRACUENE,4.6514744758606
2015,29,MATOLA,5.89910888671875
2015,29,MATUTUINE,6.28412055969238
2015,29,MOAMBA,2.83537292480469
2015,29,NAMAACHA,0
2015,30,BOANE,0
2015,30,MAGUDE,3.7035768032074
2015,30,MANHICA,4.26537418365479
2015,30,MARRACUENE,0
2015,30,MATOLA,0
2015,30,MATUTUINE,0
2015,30,MOAMBA,0
2015,30,NAMAACHA,0
2015,31,BOANE,4.92989063262939
2015,31,MAGUDE,5.19450855255127
2015,31,MANHICA,6.64486646652222
2015,31,MARRACUENE,5.53257989883423
2015,31,MATOLA,9.9562554359436
2015,31,MATUTUINE,5.61379671096802
2015,31,MOAMBA,0
2015,31,NAMAACHA,7.90447807312012
2015,32,BOANE,0
2015,32,MAGUDE,0
2015,32,MANHICA,0
2015,32,MARRACUENE,0
2015,32,MATOLA,0
2015,32,MATUTUINE,0
2015,32,MOAMBA,0
2015,32,NAMAACHA,0
2015,33,BOANE,4.29283571243286
2015,33,MAGUDE,3.26756906509399
2015,33,MANHICA,3.88192081451416
2015,33,MARRACUENE,11.3671379089355
2015,33,MATOLA,0
2015,33,MATUTUINE,9.5090446472168
2015,33,MOAMBA,0
2015,33,NAMAACHA,5.35862922668457
2015,34,BOANE,0
2015,34,MAGUDE,0
2015,34,MANHICA,0
2015,34,MARRACUENE,0
2015,34,MATOLA,0
2015,34,MATUTUINE,0
2015,34,MOAMBA,0
2015,34,NAMAACHA,0
2015,35,BOANE,0
2015,35,MAGUDE,3.72688770294189
2015,35,MANHICA,7.33843612670898
2015,35,MARRACUENE,0
2015,35,MATOLA,0
2015,35,MATUTUINE,0
2015,35,MOAMBA,0
2015,35,NAMAACHA,0
2015,36,BOANE,24.5598683357239
2015,36,MAGUDE,23.5310854911804
2015,36,MANHICA,50.3237743377686
2015,36,MARRACUENE,38.609302520752
2015,36,MATOLA,30.3590526580811
2015,36,MATUTUINE,31.1960501670837
2015,36,MOAMBA,19.742582321167
2015,36,NAMAACHA,37.1334958076477
2015,37,BOANE,0
2015,37,MAGUDE,0
2015,37,MANHICA,0
2015,37,MARRACUENE,0
2015,37,MATOLA,0
2015,37,MATUTUINE,9.46461868286133
2015,37,MOAMBA,0
2015,37,NAMAACHA,0
2015,38,BOANE,0
2015,38,MAGUDE,0
2015,38,MANHICA,0
2015,38,MARRACUENE,0
2015,38,MATOLA,0
2015,38,MATUTUINE,0
2015,38,MOAMBA,0
2015,38,NAMAACHA,0
2015,39,BOANE,6.62153148651123
2015,39,MAGUDE,0
2015,39,MANHICA,0
2015,39,MARRACUENE,0
2015,39,MATOLA,7.1136360168457
2015,39,MATUTUINE,0
2015,39,MOAMBA,9.60042572021484
2015,39,NAMAACHA,11.3108224868774
2015,40,BOANE,5.59427785873413
2015,40,MAGUDE,0
2015,40,MANHICA,3.14443612098694
2015,40,MARRACUENE,2.74949741363525
2015,40,MATOLA,3.52398490905762
2015,40,MATUTUINE,11.5723438262939
2015,40,MOAMBA,0
2015,40,NAMAACHA,5.33580589294434
2015,41,BOANE,0
2015,41,MAGUDE,0
2015,41,MANHICA,0
2015,41,MARRACUENE,0
2015,41,MATOLA,0
2015,41,MATUTUINE,0
2015,41,MOAMBA,0
2015,41,NAMAACHA,0
2015,42,BOANE,16.543607711792
2015,42,MAGUDE,16.4218664169312
2015,42,MANHICA,20.1147985458374
2015,42,MARRACUENE,17.7412099838257
2015,42,MATOLA,13.3178653717041
2015,42,MATUTUINE,19.6053123474121
2015,42,MOAMBA,14.0736613273621
2015,42,NAMAACHA,18.1055526733398
2015,43,BOANE,5.52223253250122
2015,43,MAGUDE,0
2015,43,MANHICA,0
2015,43,MARRACUENE,3.03927206993103
2015,43,MATOLA,5.55949091911316
2015,43,MATUTUINE,4.37172317504883
2015,43,MOAMBA,2.73235464096069
2015,43,NAMAACHA,6.1257119178772
2015,44,BOANE,0
2015,44,MAGUDE,0
2015,44,MANHICA,0
2015,44,MARRACUENE,0
2015,44,MATOLA,0
2015,44,MATUTUINE,0
2015,44,MOAMBA,0
2015,44,NAMAACHA,0
2015,45,BOANE,0
2015,45,MAGUDE,0
2015,45,MANHICA,0
2015,45,MARRACUENE,0
2015,45,MATOLA,0
2015,45,MATUTUINE,4.79410624504089
2015,45,MOAMBA,0
2015,45,NAMAACHA,0
2015,46,BOANE,2.17358779907227
2015,46,MAGUDE,6.57185363769531
2015,46,MANHICA,3.37866640090942
2015,46,MARRACUENE,3.85754466056824
2015,46,MATOLA,0
2015,46,MATUTUINE,5.90562391281128
2015,46,MOAMBA,0
2015,46,NAMAACHA,3.22874045372009
2015,47,BOANE,29.893411397934
2015,47,MAGUDE,34.015869140625
2015,47,MANHICA,36.7957706451416
2015,47,MARRACUENE,38.3423099517822
2015,47,MATOLA,30.6652851104736
2015,47,MATUTUINE,25.5473389625549
2015,47,MOAMBA,37.6891369819641
2015,47,NAMAACHA,40.6943340301514
2015,48,BOANE,9.48338222503662
2015,48,MAGUDE,9.49065208435059
2015,48,MANHICA,7.90312767028809
2015,48,MARRACUENE,12.1137495040894
2015,48,MATOLA,9.09574413299561
2015,48,MATUTUINE,8.62477707862854
2015,48,MOAMBA,9.01791095733643
2015,48,NAMAACHA,9.75876045227051
2015,49,BOANE,20.1200251579285
2015,49,MAGUDE,5.31621980667114
2015,49,MANHICA,6.682204246521
2015,49,MARRACUENE,12.5253000259399
2015,49,MATOLA,14.1241719722748
2015,49,MATUTUINE,17.8775882720947
2015,49,MOAMBA,17.3118042945862
2015,49,NAMAACHA,19.4927406311035
2015,50,BOANE,22.5577929019928
2015,50,MAGUDE,35.0216503143311
2015,50,MANHICA,36.1656794548035
2015,50,MARRACUENE,25.7036833763123
2015,50,MATOLA,17.8197593688965
2015,50,MATUTUINE,18.7136778831482
2015,50,MOAMBA,26.3916096687317
2015,50,NAMAACHA,28.8449907302856
2015,51,BOANE,11.8878993988037
2015,51,MAGUDE,0
2015,51,MANHICA,0
2015,51,MARRACUENE,0
2015,51,MATOLA,5.26547527313232
2015,51,MATUTUINE,6.10592555999756
2015,51,MOAMBA,7.30791854858398
2015,51,NAMAACHA,12.4294776916504
2015,52,BOANE,9.94938945770264
2015,52,MAGUDE,7.81364607810974
2015,52,MANHICA,10.1666314601898
2015,52,MARRACUENE,7.95594453811646
2015,52,MATOLA,10.7675931453705
2015,52,MATUTUINE,11.8769240379333
2015,52,MOAMBA,8.46756744384766
2015,52,NAMAACHA,17.6804485321045
2015,53,BOANE,0
2015,53,MAGUDE,0
2015,53,MANHICA,0
2015,53,MARRACUENE,0
2015,53,MATOLA,0
2015,53,MATUTUINE,0
2015,53,MOAMBA,0
2015,53,NAMAACHA,0
2016,1,BOANE,0
2016,1,MAGUDE,0
2016,1,MANHICA,0
2016,1,MARRACUENE,0
2016,1,MATOLA,0
2016,1,MATUTUINE,0
2016,1,MOAMBA,0
2016,1,NAMAACHA,6.51738786697388
2016,2,BOANE,7.1370325088501
2016,2,MAGUDE,0
2016,2,MANHICA,0
2016,2,MARRACUENE,10.2140617370605
2016,2,MATOLA,8.32037830352783
2016,2,MATUTUINE,20.318202495575
2016,2,MOAMBA,0
2016,2,NAMAACHA,0
2016,3,BOANE,26.2778539657593
2016,3,MAGUDE,19.3657007217407
2016,3,MANHICA,30.161205291748
2016,3,MARRACUENE,21.3576583862305
2016,3,MATOLA,25.6222972869873
2016,3,MATUTUINE,23.5652132034302
2016,3,MOAMBA,29.0087757110596
2016,3,NAMAACHA,31.0068273544312
2016,4,BOANE,0
2016,4,MAGUDE,0
2016,4,MANHICA,0
2016,4,MARRACUENE,0
2016,4,MATOLA,0
2016,4,MATUTUINE,9.61367988586426
2016,4,MOAMBA,0
2016,4,NAMAACHA,0
2016,5,BOANE,10.9243803024292
2016,5,MAGUDE,13.5875959396362
2016,5,MANHICA,0
2016,5,MARRACUENE,6.35506629943848
2016,5,MATOLA,8.79553127288818
2016,5,MATUTUINE,19.2273597717285
2016,5,MOAMBA,0
2016,5,NAMAACHA,14.4197521209717
2016,6,BOANE,10.687796831131
2016,6,MAGUDE,6.35985231399536
2016,6,MANHICA,0
2016,6,MARRACUENE,11.4360866546631
2016,6,MATOLA,12.8077001571655
2016,6,MATUTUINE,17.5224008560181
2016,6,MOAMBA,8.82694816589355
2016,6,NAMAACHA,20.7661881446838
2016,7,BOANE,0
2016,7,MAGUDE,0
2016,7,MANHICA,0
2016,7,MARRACUENE,0
2016,7,MATOLA,0
2016,7,MATUTUINE,0
2016,7,MOAMBA,0
2016,7,NAMAACHA,0
2016,8,BOANE,29.3442783355713
2016,8,MAGUDE,20.1129651069641
2016,8,MANHICA,51.961362361908
2016,8,MARRACUENE,45.3452296257019
2016,8,MATOLA,42.2801380157471
2016,8,MATUTUINE,47.89537525177
2016,8,MOAMBA,34.2155265808105
2016,8,NAMAACHA,58.5931262969971
2016,9,BOANE,14.0555734634399
2016,9,MAGUDE,16.480712890625
2016,9,MANHICA,28.0998687744141
2016,9,MARRACUENE,24.2743203639984
2016,9,MATOLA,19.8956346511841
2016,9,MATUTUINE,13.5590572357178
2016,9,MOAMBA,24.6508409976959
2016,9,NAMAACHA,33.4841516017914
2016,10,BOANE,0
2016,10,MAGUDE,0
2016,10,MANHICA,0
2016,10,MARRACUENE,0
2016,10,MATOLA,0
2016,10,MATUTUINE,0
2016,10,MOAMBA,0
2016,10,NAMAACHA,0
2016,11,BOANE,55.9774932861328
2016,11,MAGUDE,51.961067199707
2016,11,MANHICA,95.7859344482422
2016,11,MARRACUENE,86.584342956543
2016,11,MATOLA,75.0871353149414
2016,11,MATUTUINE,47.6406517028809
2016,11,MOAMBA,51.8782920837402
2016,11,NAMAACHA,108.087341308594
2016,12,BOANE,0
2016,12,MAGUDE,13.828145980835
2016,12,MANHICA,0
2016,12,MARRACUENE,0
2016,12,MATOLA,0
2016,12,MATUTUINE,0
2016,12,MOAMBA,10.2965202331543
2016,12,NAMAACHA,15.1434183120728
2016,13,BOANE,0
2016,13,MAGUDE,0
2016,13,MANHICA,0
2016,13,MARRACUENE,0
2016,13,MATOLA,0
2016,13,MATUTUINE,0
2016,13,MOAMBA,0
2016,13,NAMAACHA,0
2016,14,BOANE,0
2016,14,MAGUDE,0
2016,14,MANHICA,0
2016,14,MARRACUENE,0
2016,14,MATOLA,0
2016,14,MATUTUINE,0
2016,14,MOAMBA,0
2016,14,NAMAACHA,0
2016,15,BOANE,0
2016,15,MAGUDE,4.99520206451416
2016,15,MANHICA,0
2016,15,MARRACUENE,0
2016,15,MATOLA,5.45040321350098
2016,15,MATUTUINE,3.90176320075989
2016,15,MOAMBA,5.08403444290161
2016,15,NAMAACHA,5.75050783157349
2016,16,BOANE,0
2016,16,MAGUDE,4.41435766220093
2016,16,MANHICA,6.83123922348022
2016,16,MARRACUENE,9.32467842102051
2016,16,MATOLA,6.62129783630371
2016,16,MATUTUINE,4.10608386993408
2016,16,MOAMBA,7.07899618148804
2016,16,NAMAACHA,4.60203790664673
2016,17,BOANE,9.34209537506104
2016,17,MAGUDE,0
2016,17,MANHICA,7.08075380325317
2016,17,MARRACUENE,6.57070350646973
2016,17,MATOLA,4.91771173477173
2016,17,MATUTUINE,4.97884035110474
2016,17,MOAMBA,0
2016,17,NAMAACHA,3.85243582725525
2016,18,BOANE,0
2016,18,MAGUDE,0
2016,18,MANHICA,5.99527168273926
2016,18,MARRACUENE,6.10646915435791
2016,18,MATOLA,0
2016,18,MATUTUINE,0
2016,18,MOAMBA,0
2016,18,NAMAACHA,0
2016,19,BOANE,14.2778244018555
2016,19,MAGUDE,8.98038101196289
2016,19,MANHICA,23.6797933578491
2016,19,MARRACUENE,22.1231741905212
2016,19,MATOLA,17.6732831001282
2016,19,MATUTUINE,0
2016,19,MOAMBA,15.8001751899719
2016,19,NAMAACHA,28.8389005661011
2016,20,BOANE,14.3681774139404
2016,20,MAGUDE,13.9376840591431
2016,20,MANHICA,24.5510573387146
2016,20,MARRACUENE,19.6476678848267
2016,20,MATOLA,22.835467338562
2016,20,MATUTUINE,0
2016,20,MOAMBA,8.56026268005371
2016,20,NAMAACHA,22.839430809021
2016,21,BOANE,32.3431010246277
2016,21,MAGUDE,33.7404804229736
2016,21,MANHICA,62.643226146698
2016,21,MARRACUENE,50.3144497871399
2016,21,MATOLA,44.9318995475769
2016,21,MATUTUINE,0
2016,21,MOAMBA,27.5201616287231
2016,21,NAMAACHA,46.178959608078
2016,22,BOANE,36.7277202606201
2016,22,MAGUDE,21.0511922836304
2016,22,MANHICA,74.1559863090515
2016,22,MARRACUENE,33.3551654815674
2016,22,MATOLA,36.0827941894531
2016,22,MATUTUINE,200.018325805664
2016,22,MOAMBA,23.6540656089783
2016,22,NAMAACHA,43.3120880126953
2016,23,BOANE,4.55238914489746
2016,23,MAGUDE,6.07463073730469
2016,23,MANHICA,30.1818997859955
2016,23,MARRACUENE,7.1921911239624
2016,23,MATOLA,5.75020790100098
2016,23,MATUTUINE,0
2016,23,MOAMBA,0
2016,23,NAMAACHA,0
2016,24,BOANE,4.01885509490967
2016,24,MAGUDE,0
2016,24,MANHICA,2.42789816856384
2016,24,MARRACUENE,4.64291286468506
2016,24,MATOLA,0
2016,24,MATUTUINE,0
2016,24,MOAMBA,5.21611166000366
2016,24,NAMAACHA,0
2016,25,BOANE,6.11568880081177
2016,25,MAGUDE,12.5576515197754
2016,25,MANHICA,2.65072131156921
2016,25,MARRACUENE,6.53417158126831
2016,25,MATOLA,9.59864330291748
2016,25,MATUTUINE,12.3055124282837
2016,25,MOAMBA,3.79154801368713
2016,25,NAMAACHA,10.9290437698364
2016,26,BOANE,0
2016,26,MAGUDE,0
2016,26,MANHICA,0
2016,26,MARRACUENE,0
2016,26,MATOLA,0
2016,26,MATUTUINE,0
2016,26,MOAMBA,0
2016,26,NAMAACHA,0
2016,27,BOANE,0
2016,27,MAGUDE,0
2016,27,MANHICA,0
2016,27,MARRACUENE,0
2016,27,MATOLA,0
2016,27,MATUTUINE,0
2016,27,MOAMBA,0
2016,27,NAMAACHA,0
2016,28,BOANE,0
2016,28,MAGUDE,0
2016,28,MANHICA,0
2016,28,MARRACUENE,0
2016,28,MATOLA,0
2016,28,MATUTUINE,0
2016,28,MOAMBA,0
2016,28,NAMAACHA,0
2016,29,BOANE,0
2016,29,MAGUDE,0
2016,29,MANHICA,0
2016,29,MARRACUENE,0
2016,29,MATOLA,0
2016,29,MATUTUINE,0
2016,29,MOAMBA,0
2016,29,NAMAACHA,0
2016,30,BOANE,0
2016,30,MAGUDE,0
2016,30,MANHICA,0
2016,30,MARRACUENE,3.17440676689148
2016,30,MATOLA,4.51004981994629
2016,30,MATUTUINE,0
2016,30,MOAMBA,0
2016,30,NAMAACHA,4.09259843826294
2016,31,BOANE,15.5087099075317
2016,31,MAGUDE,24.1823081970215
2016,31,MANHICA,32.1770896911621
2016,31,MARRACUENE,24.8695347309113
2016,31,MATOLA,18.1889595985413
2016,31,MATUTUINE,27.8367691040039
2016,31,MOAMBA,11.8656902313232
2016,31,NAMAACHA,15.608612537384
2016,32,BOANE,0
2016,32,MAGUDE,0
2016,32,MANHICA,0
2016,32,MARRACUENE,4.41722011566162
2016,32,MATOLA,3.85958456993103
2016,32,MATUTUINE,0
2016,32,MOAMBA,0
2016,32,NAMAACHA,0
2016,33,BOANE,0
2016,33,MAGUDE,6.30023980140686
2016,33,MANHICA,0
2016,33,MARRACUENE,4.30477809906006
2016,33,MATOLA,0
2016,33,MATUTUINE,0
2016,33,MOAMBA,0
2016,33,NAMAACHA,4.19250392913818
2016,34,BOANE,3.24200463294983
2016,34,MAGUDE,0
2016,34,MANHICA,0
2016,34,MARRACUENE,0
2016,34,MATOLA,0
2016,34,MATUTUINE,6.29733180999756
2016,34,MOAMBA,0
2016,34,NAMAACHA,0
2016,35,BOANE,3.62314414978027
2016,35,MAGUDE,0
2016,35,MANHICA,9.01318836212158
2016,35,MARRACUENE,4.46906852722168
2016,35,MATOLA,3.8644323348999
2016,35,MATUTUINE,5.55798244476318
2016,35,MOAMBA,0
2016,35,NAMAACHA,4.75330686569214
2016,36,BOANE,0
2016,36,MAGUDE,0
2016,36,MANHICA,0
2016,36,MARRACUENE,0
2016,36,MATOLA,0
2016,36,MATUTUINE,0
2016,36,MOAMBA,0
2016,36,NAMAACHA,0
2016,37,BOANE,0
2016,37,MAGUDE,0
2016,37,MANHICA,0
2016,37,MARRACUENE,0
2016,37,MATOLA,0
2016,37,MATUTUINE,0
2016,37,MOAMBA,0
2016,37,NAMAACHA,0
2016,38,BOANE,0
2016,38,MAGUDE,0
2016,38,MANHICA,0
2016,38,MARRACUENE,0
2016,38,MATOLA,0
2016,38,MATUTUINE,0
2016,38,MOAMBA,10.2839422225952
2016,38,NAMAACHA,0
2016,39,BOANE,0
2016,39,MAGUDE,0
2016,39,MANHICA,0
2016,39,MARRACUENE,0
2016,39,MATOLA,0
2016,39,MATUTUINE,0
2016,39,MOAMBA,0
2016,39,NAMAACHA,0
2016,40,BOANE,31.3685169219971
2016,40,MAGUDE,28.1288247108459
2016,40,MANHICA,71.3361082077026
2016,40,MARRACUENE,45.6989898681641
2016,40,MATOLA,46.6127681732178
2016,40,MATUTUINE,46.1644368171692
2016,40,MOAMBA,24.5981302261353
2016,40,NAMAACHA,45.6746053695679
2016,41,BOANE,0
2016,41,MAGUDE,2.15461659431458
2016,41,MANHICA,0
2016,41,MARRACUENE,0
2016,41,MATOLA,0
2016,41,MATUTUINE,0
2016,41,MOAMBA,0
2016,41,NAMAACHA,0
2016,42,BOANE,6.61025476455688
2016,42,MAGUDE,0
2016,42,MANHICA,0
2016,42,MARRACUENE,0
2016,42,MATOLA,0
2016,42,MATUTUINE,8.5478982925415
2016,42,MOAMBA,3.89649796485901
2016,42,NAMAACHA,9.83437728881836
2016,43,BOANE,26.7837057113647
2016,43,MAGUDE,6.12632083892822
2016,43,MANHICA,19.8404116630554
2016,43,MARRACUENE,27.9243087768555
2016,43,MATOLA,25.6535909175873
2016,43,MATUTUINE,35.5789828300476
2016,43,MOAMBA,10.4178647994995
2016,43,NAMAACHA,22.9120383262634
2016,44,BOANE,18.0247011184692
2016,44,MAGUDE,17.0578165054321
2016,44,MANHICA,20.7787618637085
2016,44,MARRACUENE,24.3729915618896
2016,44,MATOLA,20.1929273605347
2016,44,MATUTUINE,15.8110542297363
2016,44,MOAMBA,15.3618104457855
2016,44,NAMAACHA,27.2547597885132
2016,45,BOANE,16.2027037143707
2016,45,MAGUDE,9.69014811515808
2016,45,MANHICA,8.97300863265991
2016,45,MARRACUENE,4.17171478271484
2016,45,MATOLA,9.23089814186096
2016,45,MATUTUINE,12.911660194397
2016,45,MOAMBA,10.9101548194885
2016,45,NAMAACHA,34.5704545974731
2016,46,BOANE,81.8807311058044
2016,46,MAGUDE,46.5407929420471
2016,46,MANHICA,55.461296081543
2016,46,MARRACUENE,68.8234348297119
2016,46,MATOLA,72.133725643158
2016,46,MATUTUINE,76.4170482158661
2016,46,MOAMBA,75.6061792373657
2016,46,NAMAACHA,123.853025436401
2016,47,BOANE,19.6326608657837
2016,47,MAGUDE,23.9939289093018
2016,47,MANHICA,22.7867794036865
2016,47,MARRACUENE,15.0659794807434
2016,47,MATOLA,15.7264657020569
2016,47,MATUTUINE,27.6671316623688
2016,47,MOAMBA,22.0516695976257
2016,47,NAMAACHA,19.8671808242798
2016,48,BOANE,22.7337738275528
2016,48,MAGUDE,25.406081199646
2016,48,MANHICA,20.3787431716919
2016,48,MARRACUENE,27.9841346740723
2016,48,MATOLA,21.4981966018677
2016,48,MATUTUINE,9.11914229393005
2016,48,MOAMBA,32.0433535575867
2016,48,NAMAACHA,43.410453081131
2016,49,BOANE,14.081563949585
2016,49,MAGUDE,23.3233819007874
2016,49,MANHICA,16.9505114555359
2016,49,MARRACUENE,12.5461053848267
2016,49,MATOLA,11.1842701435089
2016,49,MATUTUINE,7.45095920562744
2016,49,MOAMBA,22.6205024719238
2016,49,NAMAACHA,18.557380437851
2016,50,BOANE,27.5495989322662
2016,50,MAGUDE,24.3565473556519
2016,50,MANHICA,18.4671936035156
2016,50,MARRACUENE,21.7832453250885
2016,50,MATOLA,19.328818321228
2016,50,MATUTUINE,27.6208713054657
2016,50,MOAMBA,15.4590530395508
2016,50,NAMAACHA,26.7124266624451
2016,51,BOANE,23.6361284255981
2016,51,MAGUDE,30.2377362251282
2016,51,MANHICA,21.9409465789795
2016,51,MARRACUENE,31.3020610809326
2016,51,MATOLA,23.9909353256226
2016,51,MATUTUINE,12.1360304355621
2016,51,MOAMBA,27.8621101379395
2016,51,NAMAACHA,30.0840437412262
2016,52,BOANE,27.2877078056335
2016,52,MAGUDE,30.245189666748
2016,52,MANHICA,21.4629220962524
2016,52,MARRACUENE,19.4193658828735
2016,52,MATOLA,20.5805242061615
2016,52,MATUTUINE,22.2709007263184
2016,52,MOAMBA,21.467442035675
2016,52,NAMAACHA,20.8203411102295
2016,53,BOANE,56.9554209709167
2016,53,MAGUDE,55.8956298828125
2016,53,MANHICA,43.3176555633545
2016,53,MARRACUENE,46.1989479064941
2016,53,MATOLA,47.1404099464417
2016,53,MATUTUINE,63.7859497070312
2016,53,MOAMBA,38.8267121315002
2016,53,NAMAACHA,56.8135681152344
